,0
btc_r21,475
gold_spy_mom,462
corr_spy63,420
try_r5,402
evt_iran,349
eur_r5,341
vix_z,303
vix_pct,302
evt_sanction,296
oil_r5,287
evt_oil,284
evt_fed,275
vix_chg5,272
evt_tariff,272
month,267
evt_china,243
vol21,209
kurt63,127
hi52_dist,116
range_pos60,106
r63,103
sma200_gap,98
volu_trend,95
rsi14,94
round_dist,92
macd_hist,88
obv_slope,86
du20,83
sma50_gap,65
dd20,64
trendiness,63
squeeze,61
r21,58
r5,58
sma20_gap,58
vol_ratio,55
is_fx,55
skew21,54
r1,46
volu_z,44
r10,41
is_stock,40
pv_diverge,40
boll_b,37
is_crypto,22
dow,17
news_cnt,16
streak,15
risk_off,11
reversal,10
news_sent3,9
is_commodity,7
news_cnt_z,7
news_sent1,0
