asset,ttm_div,price,yield_ttm,n_pay,freq,last_pay
JEPI,4.563,56.540000915527344,0.0807,12,Aylık,2026-10-01
O,3.248,54.25,0.05987,12,Aylık,2026-09-30
TUPRS,17.1269,377.75,0.04534,2,Yıllık,2026-09-30
GARAN,5.2669,128.6999969482422,0.04092,1,Yıllık,2026-04-07
KCHOL,6.83,210.1999969482422,0.03249,1,Yıllık,2026-03-25
AKBNK,2.2018,68.25,0.03226,1,Yıllık,2026-03-26
SCHD,1.055,32.849998474121094,0.03212,4,3 Aylık,2026-09-23
BIMAS,7.0,401.75,0.01742,3,3 Aylık,2026-09-16
SISE,0.5876,37.540000915527344,0.01565,1,Yıllık,2026-06-01
EREGL,0.55,36.400001525878906,0.01511,1,Yıllık,2026-06-03
HUBB,5.68,485.4100036621094,0.0117,4,3 Aylık,2026-08-31
ETN,4.34,445.0899963378906,0.00975,4,3 Aylık,2026-08-07
SPY,7.583,779.0900268554688,0.00973,4,3 Aylık,2026-09-18
GRID,1.547,184.30999755859375,0.00839,4,3 Aylık,2026-09-24
AVGO,2.6,375.80999755859375,0.00692,4,3 Aylık,2026-09-21
MSFT,3.64,529.2999877929688,0.00688,4,3 Aylık,2026-08-20
AAPL,1.06,333.6300048828125,0.00318,4,3 Aylık,2026-08-10
ASELS,0.2346,354.25,0.00066,1,Yıllık,2025-11-25
