asset,aclass,date,close,p_up,p_rel,vol21,drivers
USDTRY,fx,2026-09-30,49.012298583984375,0.8602923929704591,0.6677800485922516,0.0007584654771960555,vol21:+|rsi14:+|hi52_dist:+
XU100,stock,2026-09-30,12109.66015625,0.6330478311733806,0.6762389898648687,0.018856104056348664,macd_hist:+|sma20_gap:+|oil_r5:+
XLB,stock,2026-09-29,49.099998474121094,0.58892090458121,0.5050655945402844,0.008973358084934383,oil_r5:+|evt_fed:+|evt_china:-
INDA,stock,2026-09-29,46.939998626708984,0.5865896630035896,0.4763722968071302,0.008728378380190343,oil_r5:+|evt_fed:+|evt_china:-
XLRE,stock,2026-09-29,41.34000015258789,0.5818403511806436,0.5164411306161136,0.006396458838451759,oil_r5:+|evt_fed:+|evt_china:-
SISE,stock,2026-09-30,37.31999969482422,0.5818143553724141,0.6546191434767283,0.0401430047979795,sma20_gap:+|evt_china:-|oil_r5:+
GBPUSD,fx,2026-09-25,0.7547,0.5814764148186238,0.5227050156634967,0.002518179416353623,vol21:+|oil_r5:+|corr_spy63:-
USDCHF,fx,2026-09-25,0.8282,0.58097852483788,0.5504595639374384,0.0032676488984196782,hi52_dist:+|oil_r5:+|corr_spy63:-
XLU,stock,2026-09-29,39.709999084472656,0.5789050939437765,0.5228317394479158,0.00934278520465227,oil_r5:+|evt_fed:+|volu_trend:+
TUPRS,stock,2026-09-30,381.25,0.5760766347903892,0.6200944598505905,0.0224144948400224,macd_hist:+|oil_r5:+|evt_china:-
MCHI,stock,2026-09-29,52.099998474121094,0.570454401612416,0.4806985791323848,0.009541563129610473,oil_r5:+|evt_fed:+|evt_china:-
XLF,stock,2026-09-29,54.0099983215332,0.5693922807993279,0.4963559555838505,0.008358957063029407,oil_r5:+|evt_fed:+|evt_china:-
EURUSD,fx,2026-09-25,0.8772,0.568779026697633,0.5329377041103321,0.0022638391317809487,vol21:+|corr_spy63:-|oil_r5:+
ASELS,stock,2026-09-30,345.25,0.5677480423028338,0.5758119872740893,0.030995853585243992,macd_hist:+|sma20_gap:+|evt_china:-
SPY,stock,2026-09-29,764.2000122070312,0.5662409678671787,0.5675601970293837,0.0068007307831874685,corr_spy63:+|oil_r5:+|evt_china:-
O,stock,2026-09-29,55.13999938964844,0.5613670239824058,0.5809392162368988,0.007674339762256825,oil_r5:+|evt_fed:+|volu_trend:+
NATGAS,commodity,2026-09-22,2.9,0.561293049713748,0.6052415096551749,0.027135731872914456,evt_china:-|oil_r5:+|hi52_dist:+
URA,stock,2026-09-29,40.040000915527344,0.5518850667231155,0.574575967677128,0.02470939592105009,oil_r5:+|sma20_gap:+|gold_spy_mom:-
XLC,stock,2026-09-29,111.47000122070312,0.5507860383621812,0.48583555214775387,0.013362720469179546,oil_r5:+|evt_china:-|evt_fed:+
TSLA,stock,2026-09-29,352.8399963378906,0.550145317597168,0.5338765836863446,0.02837865299987281,oil_r5:+|evt_china:-|evt_fed:+
MSFT,stock,2026-09-29,508.9599914550781,0.5483468862127173,0.5003114360845042,0.015274337351262641,oil_r5:+|evt_china:-|evt_fed:+
XAUUSD,commodity,2026-09-30,4216.5,0.5455513018376977,0.48139779609361893,0.013255008638908005,oil_r5:+|evt_fed:+|evt_china:-
SCHD,stock,2026-09-29,32.849998474121094,0.539756315970987,0.5548875812125587,0.006119638714256551,oil_r5:+|evt_china:-|evt_fed:+
EWU,stock,2026-09-29,46.849998474121094,0.5386471741152268,0.49101113573509525,0.007088120831170425,oil_r5:+|evt_china:-|evt_fed:+
EWZ,stock,2026-09-29,36.470001220703125,0.5377189452384534,0.47738266948564806,0.015002293840355873,oil_r5:+|evt_china:-|evt_fed:+
XLY,stock,2026-09-29,109.1500015258789,0.5347904444438426,0.5005272880834616,0.009618421519336102,oil_r5:+|evt_china:-|evt_fed:+
LIT,stock,2026-09-29,68.54000091552734,0.5339630898880596,0.48530884262311336,0.011141853232320077,oil_r5:+|evt_china:-|evt_fed:+
EWQ,stock,2026-09-29,43.27000045776367,0.5324456183657754,0.4593913878618961,0.0077500138566367685,oil_r5:+|evt_fed:+|evt_china:-
EWG,stock,2026-09-29,41.900001525878906,0.5268396759748053,0.5022311999467194,0.008498276227062876,oil_r5:+|evt_china:-|evt_fed:+
FTSE,stock,2026-09-30,10655.5,0.5265350684167109,0.5033381547251501,0.006188961514486526,oil_r5:+|evt_china:-|evt_fed:+
EWJ,stock,2026-09-29,96.51000213623047,0.5251016864139401,0.5014637988787407,0.011612237831620024,oil_r5:+|evt_china:-|evt_fed:+
QQQ,stock,2026-09-29,737.9299926757812,0.5211814639183278,0.4865852822067529,0.009838070894025545,gold_spy_mom:-|oil_r5:+|corr_spy63:+
XLP,stock,2026-09-29,81.8499984741211,0.5199211627848833,0.4887275629630947,0.006716467226357338,oil_r5:+|evt_fed:+|evt_china:-
AMZN,stock,2026-09-29,246.6699981689453,0.518856169612291,0.4996060594347194,0.014395455036639838,oil_r5:+|evt_china:-|evt_fed:+
USDJPY,fx,2026-09-25,157.18,0.5178509991531909,0.4921978359425664,0.007194984150715074,corr_spy63:-|oil_r5:+|evt_fed:+
GLD,stock,2026-09-29,382.8900146484375,0.5171218352954593,0.4962572586973009,0.015514947929458898,oil_r5:+|evt_china:-|evt_fed:+
AAPL,stock,2026-09-29,329.3999938964844,0.5161915390185825,0.5063625478226936,0.015050192837165166,oil_r5:+|evt_china:-|evt_fed:+
KCHOL,stock,2026-09-30,211.8000030517578,0.512039027207094,0.5176677331724134,0.02377968218964414,evt_china:-|oil_r5:+|evt_fed:+
AKBNK,stock,2026-09-30,67.8499984741211,0.5096993161810102,0.507457354072495,0.031022154919884543,oil_r5:+|evt_china:-|evt_fed:+
ETH,crypto,2026-09-30,2689.54,0.5089837496169489,0.562102814366208,0.024031374614079316,kurt63:+|evt_china:-|squeeze:-
DAX,stock,2026-09-30,25365.900390625,0.5072729142208209,0.4928940055809323,0.007255713350445374,oil_r5:+|evt_china:-|evt_fed:+
BIMAS,stock,2026-09-30,422.75,0.5054634756776077,0.5157958381097846,0.016519282322023595,evt_china:-|oil_r5:+|evt_fed:+
GOOGL,stock,2026-09-29,340.9200134277344,0.5040856320941102,0.4727535178459888,0.016430190817785618,oil_r5:+|evt_china:-|gold_spy_mom:-
SLV,stock,2026-09-29,55.47999954223633,0.5024752568413735,0.5486516663649794,0.026119852545304714,oil_r5:+|evt_china:-|gold_spy_mom:-
XLE,stock,2026-09-29,61.540000915527344,0.5016491938862262,0.5011985056127427,0.013494432313315763,oil_r5:+|corr_spy63:-|evt_fed:+
XLI,stock,2026-09-29,169.1300048828125,0.5002573770053355,0.4781194313274698,0.007989237084625173,evt_china:-|oil_r5:+|evt_fed:+
GARAN,stock,2026-09-30,125.9000015258789,0.4985921901595997,0.48505719375933576,0.02933420091262935,oil_r5:+|evt_china:-|evt_fed:+
JEPI,stock,2026-09-29,56.4900016784668,0.49858898070743124,0.4328380014013225,0.004751401481967029,oil_r5:+|evt_china:-|gold_spy_mom:-
HUBB,stock,2026-09-29,459.0899963378906,0.49756641149799985,0.45807703149860274,0.01580793353474783,oil_r5:+|evt_china:-|gold_spy_mom:-
COPX,stock,2026-09-29,85.4800033569336,0.49703745236446395,0.4606295973010001,0.02562001340382557,oil_r5:+|evt_china:-|evt_fed:+
GRID,stock,2026-09-29,178.27000427246094,0.49667202706239205,0.49079059157439126,0.015391229113695516,oil_r5:+|gold_spy_mom:-|evt_china:-
N225,stock,2026-09-30,66753.71875,0.4963211674788043,0.48257200321835614,0.012516021512841256,evt_china:-|oil_r5:-|gold_spy_mom:-
NVDA,stock,2026-09-29,227.2100067138672,0.49439294843311943,0.47285653876273526,0.017348984124057693,oil_r5:+|gold_spy_mom:-|evt_china:-
EWY,stock,2026-09-29,187.10000610351562,0.4943399651559514,0.4845824235554002,0.02953148638291956,oil_r5:+|evt_china:-|evt_fed:+
AVGO,stock,2026-09-29,355.1000061035156,0.49364154309089314,0.4716085659781665,0.019193849579082836,oil_r5:+|evt_china:-|evt_fed:+
DBA,stock,2026-09-29,28.25,0.4932532747783232,0.5070033196377483,0.008217203607666262,oil_r5:+|evt_china:-|evt_fed:+
ETN,stock,2026-09-29,433.2699890136719,0.4921886931577056,0.4779166219969198,0.02703726867084397,oil_r5:+|gold_spy_mom:-|evt_china:-
XLV,stock,2026-09-29,170.72999572753906,0.4919768273222125,0.4943391557095542,0.00817982875221046,oil_r5:+|gold_spy_mom:-|evt_china:-
PWR,stock,2026-09-29,651.7899780273438,0.49185017909812867,0.4539921052929105,0.019645093956160688,gold_spy_mom:-|evt_china:-|oil_r5:+
THYAO,stock,2026-09-30,287.75,0.49081021945633824,0.4906072927044128,0.02447938671387845,evt_china:-|oil_r5:+|gold_spy_mom:-
META,stock,2026-09-29,738.7899780273438,0.4882327549651334,0.46908708735758764,0.03389752137071742,oil_r5:+|evt_china:-|gold_spy_mom:-
GEV,stock,2026-09-29,962.489990234375,0.4839701831981754,0.49455739416169764,0.027994535096503303,gold_spy_mom:-|evt_china:-|oil_r5:+
EREGL,stock,2026-09-30,36.31999969482422,0.48027966285902407,0.5272716841393968,0.029312715482559898,evt_china:-|oil_r5:+|gold_spy_mom:-
USDCNY,fx,2026-09-25,6.711,0.4799630432340664,0.47830771635268315,0.0007195749194006289,vol21:-|evt_fed:+|oil_r5:+
BTC,crypto,2026-09-30,83816.65,0.4764675778406376,0.5514006951489823,0.022482111789575238,evt_china:-|gold_spy_mom:-|oil_r5:+
HSI,stock,2026-09-30,24613.26953125,0.4740867789488058,0.45316500651371616,0.007674079101074995,oil_r5:+|evt_china:-|evt_fed:+
VRT,stock,2026-09-29,248.33999633789062,0.4721779091924118,0.48505208219998475,0.0397101220591436,oil_r5:+|evt_china:-|gold_spy_mom:-
XLK,stock,2026-09-29,194.5,0.47063251321540295,0.4910285304163078,0.011467303025365513,gold_spy_mom:-|evt_china:-|oil_r5:+
WTI,commodity,2026-09-22,96.41,0.47007432223361156,0.4989913161736634,0.027689912377336905,corr_spy63:-|evt_china:-|btc_r21:+
SOL,crypto,2026-09-30,119.41,0.457183386795603,0.5480340856752821,0.03653867933595465,evt_china:-|gold_spy_mom:-|is_crypto:-
XRP,crypto,2026-09-30,1.5104,0.45545682176698354,0.5031725397520097,0.041694955405841394,evt_china:-|gold_spy_mom:-|evt_fed:+
BRENT,commodity,2026-09-22,114.89,0.44884373612446793,0.49035666725093435,0.040642633254353466,corr_spy63:-|evt_china:-|vol21:-
AUDUSD,fx,2026-09-25,1.4219,0.43255490030818217,0.4475710243853327,0.003395945568858783,corr_spy63:-|evt_china:-|evt_fed:+
