asset,aclass,n_oos,date_start,date_end,base_hit,hit,auc,n_conf,conf_hit,strat_totret,bh_totret,strat_sharpe,bh_sharpe,strat_maxdd,time_in_market
USDCNY,fx,1664,2019-01-02,2026-09-18,0.5463,0.5553,0.5631,240,0.6167,0.0027,-0.0468,0.06,-0.14,-0.0136,0.021
LIT,stock,1929,2019-01-02,2026-09-23,0.5163,0.549,0.56,586,0.5666,-0.2115,-0.1675,-0.27,-0.1,-0.3511,0.199
MCHI,stock,1925,2019-01-02,2026-09-23,0.5278,0.5434,0.5521,472,0.5551,0.0098,-0.6681,0.02,-0.62,-0.2052,0.086
INDA,stock,1918,2019-01-02,2026-09-23,0.5469,0.5495,0.5521,488,0.5984,-0.0071,-0.5377,-0.02,-0.67,-0.1668,0.081
SISE,stock,1924,2019-01-01,2026-09-22,0.5161,0.5379,0.552,504,0.5575,0.3824,1.4177,0.35,0.33,-0.2232,0.184
THYAO,stock,1932,2019-01-01,2026-09-22,0.5217,0.5254,0.5468,570,0.5877,2.6259,5.2819,0.85,0.61,-0.201,0.235
TUPRS,stock,1939,2019-01-01,2026-09-22,0.5101,0.5549,0.5446,678,0.5442,0.7793,5.5153,0.35,0.65,-0.3311,0.258
EURUSD,fx,1541,2019-01-02,2026-09-18,0.5263,0.5269,0.5445,188,0.5798,0.0,-0.0778,,-0.35,0.0,0.0
WTI,commodity,1889,2019-01-02,2026-09-15,0.5045,0.5336,0.5417,482,0.5456,0.0569,-0.4727,0.03,-0.26,-0.488,0.193
XU100,stock,1911,2019-01-02,2026-09-22,0.5646,0.5505,0.5413,662,0.5952,1.325,4.8582,0.83,0.98,-0.1521,0.295
SLV,stock,1929,2019-01-02,2026-09-23,0.5013,0.5132,0.5399,496,0.5827,0.1898,0.5037,0.15,0.15,-0.2182,0.14
USDTRY,fx,1856,2019-01-01,2026-09-23,0.6482,0.6072,0.5378,801,0.6642,0.3979,8.66,0.27,1.29,-0.2046,0.374
PWR,stock,1930,2019-01-02,2026-09-23,0.5699,0.5554,0.5373,611,0.563,1.267,5.4318,0.74,0.86,-0.1432,0.231
DAX,stock,1936,2019-01-02,2026-09-22,0.5088,0.5217,0.534,373,0.5576,0.0592,-0.1848,0.15,-0.2,-0.0632,0.036
BRENT,commodity,1948,2019-01-02,2026-09-15,0.5082,0.518,0.5332,418,0.5239,-0.2217,0.179,-0.14,0.06,-0.5779,0.151
ASELS,stock,1937,2019-01-01,2026-09-22,0.5369,0.5426,0.5313,552,0.5725,1.3753,17.4214,0.61,0.98,-0.2962,0.219
SOL,crypto,1676,2022-02-23,2026-09-25,0.5328,0.5149,0.5268,484,0.5207,-0.3416,0.4035,-0.2,0.11,-0.6314,0.208
DBA,stock,1932,2019-01-02,2026-09-23,0.5367,0.5171,0.5252,454,0.5683,-0.0292,-0.4016,-0.09,-0.37,-0.1056,0.041
XLU,stock,1920,2019-01-02,2026-09-23,0.5339,0.5385,0.5248,443,0.5214,-0.0636,-0.4649,-0.19,-0.54,-0.1406,0.055
NATGAS,commodity,1909,2019-01-02,2026-09-15,0.5055,0.516,0.5238,937,0.5272,2.4374,-0.2972,0.38,-0.03,-0.5526,0.364
SCHD,stock,1908,2019-01-02,2026-09-23,0.5498,0.521,0.5236,467,0.5396,-0.024,-0.3604,-0.07,-0.59,-0.0921,0.094
EWG,stock,1916,2019-01-02,2026-09-23,0.5412,0.5214,0.5224,478,0.5439,-0.0408,-0.4057,-0.09,-0.53,-0.1234,0.117
KCHOL,stock,1934,2019-01-02,2026-09-22,0.545,0.5357,0.5219,624,0.5385,0.1254,2.9173,0.09,0.5,-0.4095,0.238
HSI,stock,1884,2019-01-02,2026-09-22,0.5621,0.5361,0.5214,437,0.54,-0.0213,-0.6632,-0.06,-0.75,-0.0974,0.077
EWY,stock,1921,2019-01-02,2026-09-23,0.5065,0.519,0.5213,478,0.5335,0.1413,0.0837,0.18,0.05,-0.1524,0.135
O,stock,1926,2019-01-02,2026-09-23,0.5301,0.527,0.5194,514,0.5253,-0.0734,-0.6472,-0.09,-0.58,-0.2219,0.057
GLD,stock,1921,2019-01-02,2026-09-23,0.5049,0.5128,0.5185,537,0.5475,0.14,0.1003,0.34,0.06,-0.0677,0.065
TSLA,stock,1933,2019-01-02,2026-09-23,0.523,0.5106,0.5179,798,0.5451,0.5454,4.3262,0.19,0.4,-0.6583,0.282
XLY,stock,1919,2019-01-02,2026-09-23,0.5107,0.5216,0.5168,547,0.521,-0.0919,-0.2183,-0.16,-0.24,-0.1778,0.203
EWQ,stock,1920,2019-01-02,2026-09-23,0.5266,0.5156,0.5161,490,0.5327,-0.0579,-0.3395,-0.13,-0.43,-0.1214,0.12
SPY,stock,1898,2019-01-02,2026-09-23,0.5121,0.5095,0.5157,809,0.5229,-0.0824,0.0273,-0.34,0.06,-0.1187,0.332
META,stock,1932,2019-01-02,2026-09-23,0.5202,0.5192,0.515,764,0.5183,0.5223,1.1485,0.3,0.28,-0.3324,0.32
EWZ,stock,1926,2019-01-02,2026-09-23,0.5415,0.5052,0.5145,474,0.5316,-0.4378,-0.7032,-0.63,-0.64,-0.4979,0.153
N225,stock,1859,2019-01-04,2026-09-17,0.5046,0.5094,0.5141,352,0.5114,-0.1659,0.092,-0.47,0.07,-0.1761,0.059
BTC,crypto,2432,2019-01-02,2026-09-25,0.5995,0.5345,0.5135,802,0.581,0.348,7.5227,0.21,0.82,-0.2838,0.253
XLC,stock,1808,2019-06-19,2026-09-23,0.5033,0.5188,0.5134,415,0.4892,0.0338,-0.1028,0.08,-0.12,-0.1141,0.144
XLB,stock,1911,2019-01-02,2026-09-23,0.5442,0.5238,0.5133,508,0.5315,0.1967,-0.3114,0.56,-0.45,-0.0876,0.125
ETN,stock,1928,2019-01-02,2026-09-23,0.5389,0.5083,0.5116,534,0.5225,-0.1701,1.1342,-0.27,0.48,-0.2911,0.181
AUDUSD,fx,1766,2019-01-02,2026-09-18,0.5396,0.5119,0.5115,310,0.5516,-0.0267,-0.1097,-0.31,-0.24,-0.0328,0.008
EWJ,stock,1922,2019-01-02,2026-09-23,0.5343,0.5161,0.5114,470,0.5298,0.1804,-0.3773,0.41,-0.5,-0.0789,0.065
AVGO,stock,1934,2019-01-02,2026-09-23,0.5336,0.5155,0.5085,691,0.5427,-0.2306,3.6473,-0.2,0.63,-0.4204,0.302
FTSE,stock,1927,2019-01-02,2026-09-22,0.5558,0.5314,0.5068,425,0.5506,0.0484,-0.5053,0.27,-0.82,-0.023,0.034
BIMAS,stock,1942,2019-01-01,2026-09-22,0.5463,0.518,0.5048,515,0.5068,0.4449,8.1675,0.26,0.82,-0.3802,0.188
NVDA,stock,1938,2019-01-02,2026-09-23,0.5666,0.5299,0.5046,799,0.5569,2.0486,22.4882,0.6,1.05,-0.4206,0.335
XLRE,stock,1917,2019-01-02,2026-09-23,0.543,0.517,0.504,454,0.5264,-0.1315,-0.493,-0.28,-0.57,-0.2386,0.086
XLF,stock,1918,2019-01-02,2026-09-23,0.5109,0.5042,0.5014,529,0.5123,-0.2225,-0.2507,-0.61,-0.3,-0.2458,0.154
URA,stock,1929,2019-01-02,2026-09-23,0.5174,0.5039,0.5012,565,0.4796,-0.0848,0.1295,-0.08,0.05,-0.3268,0.207
GRID,stock,1920,2019-01-02,2026-09-23,0.5391,0.5036,0.5011,479,0.5344,0.0375,0.6579,0.11,0.61,-0.0653,0.141
XAUUSD,commodity,1925,2019-01-02,2026-09-23,0.5029,0.4951,0.4995,637,0.5024,-0.4029,0.5943,-0.79,0.2,-0.4409,0.049
AMZN,stock,1934,2019-01-02,2026-09-23,0.5119,0.5,0.4977,781,0.4968,-0.119,0.0758,-0.09,0.03,-0.5353,0.313
XLE,stock,1930,2019-01-02,2026-09-23,0.515,0.5016,0.4974,517,0.4507,-0.5008,-0.2649,-0.6,-0.15,-0.5365,0.142
COPX,stock,1935,2019-01-02,2026-09-23,0.5121,0.5096,0.497,623,0.4767,0.0301,0.6031,0.03,0.22,-0.3171,0.222
GOOGL,stock,1921,2019-01-02,2026-09-23,0.5331,0.5185,0.4959,642,0.5156,-0.0795,1.4018,-0.09,0.46,-0.275,0.283
HUBB,stock,1921,2019-01-02,2026-09-23,0.5154,0.4925,0.4942,527,0.5047,0.0158,0.6526,0.02,0.29,-0.1513,0.132
ETH,crypto,2394,2019-01-01,2026-09-25,0.528,0.4975,0.4927,794,0.5176,1.433,9.0377,0.59,0.88,-0.191,0.259
EWU,stock,1906,2019-01-02,2026-09-23,0.5567,0.5042,0.4921,448,0.5179,-0.1135,-0.4708,-0.46,-0.8,-0.1345,0.073
XLK,stock,1923,2019-01-02,2026-09-23,0.5538,0.5122,0.4919,554,0.4982,0.1715,1.0155,0.27,0.64,-0.1274,0.244
XLP,stock,1918,2019-01-02,2026-09-23,0.5428,0.5323,0.4902,579,0.5199,-0.0422,-0.4822,-0.1,-0.57,-0.2029,0.039
VRT,stock,1791,2019-08-02,2026-09-23,0.5539,0.507,0.4875,732,0.515,1.7375,7.6692,0.61,0.63,-0.2121,0.281
MSFT,stock,1927,2019-01-03,2026-09-23,0.533,0.5013,0.487,808,0.495,-0.1146,0.8577,-0.13,0.37,-0.471,0.355
GARAN,stock,1938,2019-01-01,2026-09-22,0.5382,0.4959,0.4866,593,0.5379,2.0258,5.5315,0.72,0.57,-0.2983,0.224
XLV,stock,1911,2019-01-02,2026-09-23,0.5406,0.5144,0.4864,590,0.5,-0.0373,-0.2837,-0.09,-0.32,-0.177,0.099
EREGL,stock,1937,2019-01-01,2026-09-22,0.5276,0.4946,0.4833,537,0.5121,-0.1265,2.1768,-0.11,0.4,-0.4735,0.224
JEPI,stock,1310,2021-05-20,2026-09-23,0.5939,0.5534,0.483,431,0.5545,0.0332,-0.4848,0.46,-1.54,-0.0157,0.034
XLI,stock,1905,2019-01-02,2026-09-23,0.5144,0.4919,0.4829,448,0.4576,-0.0282,-0.1413,-0.07,-0.21,-0.1365,0.115
AKBNK,stock,1938,2019-01-01,2026-09-22,0.5124,0.4825,0.4771,611,0.4795,0.7544,3.2008,0.32,0.41,-0.4688,0.247
USDCHF,fx,1639,2019-01-03,2026-09-18,0.5546,0.5143,0.4767,146,0.4932,-0.0089,-0.2874,-0.48,-1.11,-0.0096,0.012
QQQ,stock,1915,2019-01-02,2026-09-23,0.5389,0.4924,0.475,664,0.4819,-0.0866,0.6531,-0.16,0.53,-0.2378,0.253
XRP,crypto,2500,2019-01-01,2026-09-25,0.6016,0.4672,0.4737,743,0.4509,1.2832,1.0681,0.27,0.13,-0.5153,0.176
GBPUSD,fx,1645,2019-01-02,2026-09-18,0.5538,0.5167,0.4711,281,0.5409,0.0069,-0.2274,0.29,-0.75,-0.0021,0.006
USDJPY,fx,1757,2019-01-02,2026-09-18,0.5583,0.4616,0.4698,152,0.5132,-0.017,0.2707,-0.12,0.48,-0.055,0.057
AAPL,stock,1923,2019-01-02,2026-09-23,0.5413,0.4795,0.4618,595,0.4639,0.0982,1.9559,0.1,0.63,-0.3192,0.2
GEV,stock,374,2025-03-28,2026-09-23,0.5802,0.492,0.437,125,0.488,0.3636,1.2976,1.17,1.59,-0.1054,0.24
