,evt_china
2017-01-01,0.0168
2017-01-02,0.0204
2017-01-03,0.0108
2017-01-04,0.0097
2017-01-05,0.0083
2017-01-06,0.011
2017-01-07,0.0163
2017-01-08,0.0131
2017-01-09,0.0183
2017-01-10,0.0119
2017-01-11,0.0111
2017-01-12,0.018
2017-01-13,0.024
2017-01-14,0.0208
2017-01-15,0.0163
2017-01-16,0.0233
2017-01-17,0.0191
2017-01-18,0.0146
2017-01-19,0.0285
2017-01-20,0.0127
2017-01-21,0.007
2017-01-22,0.0118
2017-01-23,0.012
2017-01-24,0.0096
2017-01-25,0.0096
2017-01-26,0.0134
2017-01-27,0.0068
2017-01-28,0.0115
2017-01-29,0.0112
2017-01-30,0.0111
2017-01-31,0.009
2017-02-01,0.0124
2017-02-02,0.0528
2017-02-03,0.1509
2017-02-04,0.052
2017-02-05,0.0215
2017-02-06,0.0083
2017-02-07,0.0094
2017-02-08,0.0085
2017-02-09,0.0107
2017-02-10,0.0066
2017-02-11,0.0095
2017-02-12,0.0074
2017-02-13,0.0123
2017-02-14,0.0186
2017-02-15,0.0143
2017-02-16,0.0124
2017-02-17,0.0143
2017-02-18,0.0106
2017-02-19,0.015
2017-02-20,0.0182
2017-02-21,0.0189
2017-02-22,0.0113
2017-02-23,0.0094
2017-02-24,0.0115
2017-02-25,0.0201
2017-02-26,0.0102
2017-02-27,0.0207
2017-02-28,0.0141
2017-03-01,0.0285
2017-03-02,0.0157
2017-03-03,0.0121
2017-03-04,0.0084
2017-03-05,0.0108
2017-03-06,0.0151
2017-03-07,0.0237
2017-03-08,0.0311
2017-03-09,0.0174
2017-03-10,0.0138
2017-03-11,0.0208
2017-03-12,0.0316
2017-03-13,0.0111
2017-03-14,0.0141
2017-03-15,0.0133
2017-03-16,0.0128
2017-03-17,0.0133
2017-03-18,0.0171
2017-03-19,0.0279
2017-03-20,0.0306
2017-03-21,0.035
2017-03-22,0.026
2017-03-23,0.0137
2017-03-24,0.0225
2017-03-25,0.0459
2017-03-26,0.0219
2017-03-27,0.0123
2017-03-28,0.0091
2017-03-29,0.0118
2017-03-30,0.0095
2017-03-31,0.0152
2017-04-01,0.0106
2017-04-02,0.0066
2017-04-03,0.0114
2017-04-04,0.0081
2017-04-05,0.0093
2017-04-06,0.0135
2017-04-07,0.0082
2017-04-08,0.006
2017-04-09,0.0062
2017-04-10,0.0108
2017-04-11,0.0108
2017-04-12,0.0088
2017-04-13,0.0539
2017-04-14,0.0342
2017-04-15,0.0167
2017-04-16,0.0138
2017-04-17,0.0484
2017-04-18,0.0359
2017-04-19,0.0141
2017-04-20,0.0158
2017-04-21,0.0206
2017-04-22,0.0101
2017-04-23,0.0106
2017-04-24,0.0226
2017-04-25,0.0528
2017-04-26,0.0372
2017-04-27,0.0231
2017-04-28,0.025
2017-04-29,0.0252
2017-04-30,0.0295
2017-05-01,0.0185
2017-05-02,0.0178
2017-05-03,0.0175
2017-05-04,0.0351
2017-05-05,0.013
2017-05-06,0.009
2017-05-07,0.0099
2017-05-08,0.0068
2017-05-09,0.0069
2017-05-10,0.007
2017-05-11,0.0068
2017-05-12,0.0194
2017-05-13,0.0169
2017-05-14,0.0138
2017-05-15,0.0131
2017-05-16,0.0083
2017-05-17,0.0107
2017-05-18,0.007
2017-05-19,0.0069
2017-05-20,0.0063
2017-05-21,0.0043
2017-05-22,0.011
2017-05-23,0.0125
2017-05-24,0.0101
2017-05-25,0.0102
2017-05-26,0.0125
2017-05-27,0.0069
2017-05-28,0.0116
2017-05-29,0.0157
2017-05-30,0.01
2017-05-31,0.0091
2017-06-01,0.0117
2017-06-02,0.0197
2017-06-03,0.0454
2017-06-04,0.0168
2017-06-05,0.0101
2017-06-06,0.0118
2017-06-07,0.0169
2017-06-08,0.012
2017-06-09,0.0141
2017-06-10,0.0302
2017-06-11,0.0167
2017-06-12,0.0184
2017-06-13,0.02
2017-06-14,0.0153
2017-06-15,0.0165
2017-06-16,0.0324
2017-06-17,0.037
2017-06-18,0.0161
2017-06-19,0.0203
2017-06-20,0.0167
2017-06-21,0.0318
2017-06-22,0.027
2017-06-23,0.0197
2017-06-24,0.0229
2017-06-25,0.0188
2017-06-26,0.0167
2017-06-27,0.0134
2017-06-28,0.0151
2017-06-29,0.0158
2017-06-30,0.0193
2017-07-01,0.0103
2017-07-02,0.0242
2017-07-03,0.0219
2017-07-04,0.0187
2017-07-05,0.0693
2017-07-06,0.0475
2017-07-07,0.0251
2017-07-08,0.0205
2017-07-09,0.0141
2017-07-10,0.0201
2017-07-11,0.0169
2017-07-12,0.0269
2017-07-13,0.0407
2017-07-14,0.0191
2017-07-15,0.0168
2017-07-16,0.0155
2017-07-17,0.0213
2017-07-18,0.0179
2017-07-19,0.0349
2017-07-20,0.0214
2017-07-21,0.0244
2017-07-22,0.0129
2017-07-23,0.0146
2017-07-24,0.0145
2017-07-25,0.0165
2017-07-26,0.0189
2017-07-27,0.0144
2017-07-28,0.0235
2017-07-29,0.058
2017-07-30,0.0303
2017-07-31,0.0381
2017-08-01,0.0353
2017-08-02,0.0236
2017-08-03,0.0208
2017-08-04,0.0161
2017-08-05,0.0244
2017-08-06,0.057
2017-08-07,0.0527
2017-08-08,0.0259
2017-08-09,0.0325
2017-08-10,0.0196
2017-08-11,0.0177
2017-08-12,0.015
2017-08-13,0.0337
2017-08-14,0.0643
2017-08-15,0.0323
2017-08-16,0.012
2017-08-17,0.015
2017-08-18,0.0081
2017-08-19,0.0097
2017-08-20,0.0473
2017-08-21,0.0201
2017-08-22,0.0131
2017-08-23,0.0143
2017-08-24,0.0188
2017-08-25,0.0106
2017-08-26,0.0115
2017-08-27,0.0097
2017-08-28,0.0141
2017-08-29,0.0124
2017-08-30,0.0202
2017-08-31,0.0226
2017-09-01,0.0219
2017-09-02,0.0237
2017-09-03,0.0668
2017-09-04,0.1543
2017-09-05,0.0853
2017-09-06,0.1143
2017-09-07,0.201
2017-09-08,0.0856
2017-09-09,0.1426
2017-09-10,0.1942
2017-09-11,0.2062
2017-09-12,0.3188
2017-09-13,0.12
2017-09-14,0.0972
2017-09-15,0.1071
2017-09-16,0.0452
2017-09-17,0.0438
2017-09-18,0.0468
2017-09-19,0.026
2017-09-20,0.0178
2017-09-21,0.0366
2017-09-22,0.0676
2017-09-23,0.1366
2017-09-24,0.0268
2017-09-25,0.0213
2017-09-26,0.0303
2017-09-27,0.0235
2017-09-28,0.0263
2017-09-29,0.0629
2017-09-30,0.0232
2017-10-01,0.0121
2017-10-02,0.0152
2017-10-03,0.0362
2017-10-04,0.0127
2017-10-05,0.0098
2017-10-06,0.0108
2017-10-07,0.014
2017-10-08,0.0134
2017-10-09,0.0223
2017-10-10,0.012
2017-10-11,0.0144
2017-10-12,0.0165
2017-10-13,0.1348
2017-10-14,0.0195
2017-10-15,0.0093
2017-10-16,0.0108
2017-10-17,0.0156
2017-10-18,0.0163
2017-10-19,0.016
2017-10-20,0.0142
2017-10-21,0.0076
2017-10-22,0.0084
2017-10-23,0.0124
2017-10-24,0.0148
2017-10-25,0.0168
2017-10-26,0.0154
2017-10-27,0.014
2017-10-28,0.0125
2017-10-29,0.006
2017-10-30,0.016
2017-10-31,0.0123
2017-11-01,0.0238
2017-11-02,0.0176
2017-11-03,0.0096
2017-11-04,0.0105
2017-11-05,0.0084
2017-11-06,0.0132
2017-11-07,0.021
2017-11-08,0.0349
2017-11-09,0.043
2017-11-10,0.0383
2017-11-11,0.0166
2017-11-12,0.0097
2017-11-13,0.0369
2017-11-14,0.0414
2017-11-15,0.0333
2017-11-16,0.0268
2017-11-17,0.0189
2017-11-18,0.0115
2017-11-19,0.0098
2017-11-20,0.0107
2017-11-21,0.02
2017-11-22,0.0244
2017-11-23,0.0266
2017-11-24,0.0087
2017-11-25,0.0074
2017-11-26,0.0098
2017-11-27,0.0087
2017-11-28,0.0162
2017-11-29,0.0248
2017-11-30,0.0689
2017-12-01,0.0689
2017-12-02,0.0689
2017-12-03,0.0832
2017-12-04,0.0179
2017-12-05,0.0183
2017-12-06,0.0143
2017-12-07,0.0119
2017-12-08,0.017
2017-12-09,0.0346
2017-12-10,0.0272
2017-12-11,0.0094
2017-12-12,0.0105
2017-12-13,0.0122
2017-12-14,0.0126
2017-12-15,0.0293
2017-12-16,0.0299
2017-12-17,0.0116
2017-12-18,0.0072
2017-12-19,0.0209
2017-12-20,0.0342
2017-12-21,0.0175
2017-12-22,0.0376
2017-12-23,0.0217
2017-12-24,0.0128
2017-12-25,0.0089
2017-12-26,0.0138
2017-12-27,0.0139
2017-12-28,0.0191
2017-12-29,0.029
2017-12-30,0.0237
2017-12-31,0.0145
2018-01-01,0.0142
2018-01-02,0.023
2018-01-03,0.0109
2018-01-04,0.0185
2018-01-05,0.0333
2018-01-06,0.0201
2018-01-07,0.0169
2018-01-08,0.0168
2018-01-09,0.0255
2018-01-10,0.0399
2018-01-11,0.0145
2018-01-12,0.0224
2018-01-13,0.0155
2018-01-14,0.0112
2018-01-15,0.0165
2018-01-16,0.0259
2018-01-17,0.0169
2018-01-18,0.0127
2018-01-19,0.0121
2018-01-20,0.0196
2018-01-21,0.0109
2018-01-22,0.0092
2018-01-23,0.0073
2018-01-24,0.0111
2018-01-25,0.016
2018-01-26,0.0164
2018-01-27,0.012
2018-01-28,0.012
2018-01-29,0.0254
2018-01-30,0.0139
2018-01-31,0.0151
2018-02-01,0.0111
2018-02-02,0.0368
2018-02-03,0.0556
2018-02-04,0.0157
2018-02-05,0.0117
2018-02-06,0.0139
2018-02-07,0.0145
2018-02-08,0.0152
2018-02-09,0.0166
2018-02-10,0.0112
2018-02-11,0.0108
2018-02-12,0.0097
2018-02-13,0.0105
2018-02-14,0.0117
2018-02-15,0.0114
2018-02-16,0.0161
2018-02-17,0.0123
2018-02-18,0.0687
2018-02-19,0.0273
2018-02-20,0.0144
2018-02-21,0.0174
2018-02-22,0.0133
2018-02-23,0.0334
2018-02-24,0.027
2018-02-25,0.0318
2018-02-26,0.0318
2018-02-27,0.0948
2018-02-28,0.0346
2018-03-01,0.0165
2018-03-02,0.0226
2018-03-03,0.0121
2018-03-04,0.0282
2018-03-05,0.049
2018-03-06,0.0219
2018-03-07,0.0122
2018-03-08,0.0141
2018-03-09,0.0125
2018-03-10,0.0095
2018-03-11,0.0077
2018-03-12,0.0158
2018-03-13,0.0098
2018-03-14,0.0139
2018-03-15,0.0371
2018-03-16,0.0129
2018-03-17,0.0119
2018-03-18,0.0197
2018-03-19,0.0143
2018-03-20,0.0143
2018-03-21,0.0111
2018-03-22,0.0167
2018-03-23,0.0147
2018-03-24,0.016
2018-03-25,0.0119
2018-03-26,0.0131
2018-03-27,0.0137
2018-03-28,0.016
2018-03-29,0.0244
2018-03-30,0.0157
2018-03-31,0.0186
2018-04-01,0.015
2018-04-02,0.0117
2018-04-03,0.0125
2018-04-04,0.0153
2018-04-05,0.0119
2018-04-06,0.0128
2018-04-07,0.057
2018-04-08,0.0185
2018-04-09,0.03
2018-04-10,0.0311
2018-04-11,0.0268
2018-04-12,0.0197
2018-04-13,0.0517
2018-04-14,0.026
2018-04-15,0.0176
2018-04-16,0.0238
2018-04-17,0.0752
2018-04-18,0.052
2018-04-19,0.0621
2018-04-20,0.059
2018-04-21,0.038
2018-04-22,0.0405
2018-04-23,0.0299
2018-04-24,0.0197
2018-04-25,0.0195
2018-04-26,0.0251
2018-04-27,0.0291
2018-04-28,0.0362
2018-04-29,0.0239
2018-04-30,0.0195
2018-05-01,0.0253
2018-05-02,0.0278
2018-05-03,0.0165
2018-05-04,0.0133
2018-05-05,0.0111
2018-05-06,0.0159
2018-05-07,0.0344
2018-05-08,0.0306
2018-05-09,0.0436
2018-05-10,0.0402
2018-05-11,0.0255
2018-05-12,0.0204
2018-05-13,0.0483
2018-05-14,0.048
2018-05-15,0.03
2018-05-16,0.0212
2018-05-17,0.0388
2018-05-18,0.0368
2018-05-19,0.0266
2018-05-20,0.0442
2018-05-21,0.0322
2018-05-22,0.035
2018-05-23,0.0289
2018-05-24,0.017
2018-05-25,0.0196
2018-05-26,0.0281
2018-05-27,0.0257
2018-05-28,0.0279
2018-05-29,0.0819
2018-05-30,0.0647
2018-05-31,0.0253
2018-06-01,0.0295
2018-06-02,0.0425
2018-06-03,0.061
2018-06-04,0.0302
2018-06-05,0.0301
2018-06-06,0.015
2018-06-07,0.0388
2018-06-08,0.043
2018-06-09,0.0219
2018-06-10,0.0224
2018-06-11,0.0219
2018-06-12,0.0225
2018-06-13,0.0229
2018-06-14,0.0268
2018-06-15,0.0194
2018-06-16,0.022
2018-06-17,0.0106
2018-06-18,0.0151
2018-06-19,0.0366
2018-06-20,0.0186
2018-06-21,0.0126
2018-06-22,0.0216
2018-06-23,0.0285
2018-06-24,0.0239
2018-06-25,0.1046
2018-06-26,0.0511
2018-06-27,0.061
2018-06-28,0.0527
2018-06-29,0.0387
2018-06-30,0.0208
2018-07-01,0.0172
2018-07-02,0.0166
2018-07-03,0.0163
2018-07-04,0.04
2018-07-05,0.0209
2018-07-06,0.0305
2018-07-07,0.0181
2018-07-08,0.0124
2018-07-09,0.0161
2018-07-10,0.0169
2018-07-11,0.0298
2018-07-12,0.0205
2018-07-13,0.0589
2018-07-14,0.051
2018-07-15,0.0152
2018-07-16,0.0195
2018-07-17,0.0165
2018-07-18,0.0182
2018-07-19,0.017
2018-07-20,0.0275
2018-07-21,0.0113
2018-07-22,0.0138
2018-07-23,0.0113
2018-07-24,0.0191
2018-07-25,0.0148
2018-07-26,0.0822
2018-07-27,0.0248
2018-07-28,0.0161
2018-07-29,0.0163
2018-07-30,0.0192
2018-07-31,0.0196
2018-08-01,0.0128
2018-08-02,0.0574
2018-08-03,0.0819
2018-08-04,0.2154
2018-08-05,0.0493
2018-08-06,0.0492
2018-08-07,0.0537
2018-08-08,0.0322
2018-08-09,0.0263
2018-08-10,0.0243
2018-08-11,0.0203
2018-08-12,0.0254
2018-08-13,0.0363
2018-08-14,0.0219
2018-08-15,0.0293
2018-08-16,0.029
2018-08-17,0.0248
2018-08-18,0.0261
2018-08-19,0.0223
2018-08-20,0.0265
2018-08-21,0.0255
2018-08-22,0.0322
2018-08-23,0.0251
2018-08-24,0.0314
2018-08-25,0.0295
2018-08-26,0.0269
2018-08-27,0.0441
2018-08-28,0.0228
2018-08-29,0.0235
2018-08-30,0.0175
2018-08-31,0.0239
2018-09-01,0.0168
2018-09-02,0.0282
2018-09-03,0.0295
2018-09-04,0.0326
2018-09-05,0.017
2018-09-06,0.0188
2018-09-07,0.0207
2018-09-08,0.0122
2018-09-09,0.0163
2018-09-10,0.019
2018-09-11,0.0132
2018-09-12,0.0168
2018-09-13,0.0094
2018-09-14,0.0163
2018-09-15,0.0518
2018-09-16,0.0176
2018-09-17,0.0288
2018-09-18,0.0292
2018-09-19,0.0332
2018-09-20,0.0222
2018-09-21,0.0159
2018-09-22,0.0152
2018-09-23,0.0224
2018-09-24,0.0219
2018-09-25,0.0132
2018-09-26,0.0168
2018-09-27,0.0204
2018-09-28,0.0151
2018-09-29,0.0152
2018-09-30,0.0182
2018-10-01,0.0107
2018-10-02,0.0218
2018-10-03,0.0183
2018-10-04,0.0199
2018-10-05,0.0637
2018-10-06,0.0232
2018-10-07,0.0111
2018-10-08,0.0331
2018-10-09,0.0176
2018-10-10,0.0181
2018-10-11,0.0177
2018-10-12,0.0196
2018-10-13,0.0144
2018-10-14,0.0879
2018-10-15,0.0484
2018-10-16,0.0654
2018-10-17,0.0425
2018-10-18,0.0171
2018-10-19,0.0207
2018-10-20,0.0143
2018-10-21,0.0132
2018-10-22,0.0271
2018-10-23,0.0461
2018-10-24,0.0295
2018-10-25,0.0446
2018-10-26,0.0337
2018-10-27,0.0248
2018-10-28,0.0251
2018-10-29,0.0231
2018-10-30,0.0209
2018-10-31,0.0218
2018-11-01,0.0684
2018-11-02,0.0581
2018-11-03,0.0575
2018-11-04,0.0617
2018-11-05,0.102
2018-11-06,0.0418
2018-11-07,0.0194
2018-11-08,0.0227
2018-11-09,0.0404
2018-11-10,0.023
2018-11-11,0.0165
2018-11-12,0.0191
2018-11-13,0.0361
2018-11-14,0.0386
2018-11-15,0.0259
2018-11-16,0.0245
2018-11-17,0.0193
2018-11-18,0.0179
2018-11-19,0.0155
2018-11-20,0.0136
2018-11-21,0.0181
2018-11-22,0.0202
2018-11-23,0.0522
2018-11-24,0.0096
2018-11-25,0.0132
2018-11-26,0.0133
2018-11-27,0.0124
2018-11-28,0.019
2018-11-29,0.0286
2018-11-30,0.0226
2018-12-01,0.0351
2018-12-02,0.0254
2018-12-03,0.029
2018-12-04,0.0237
2018-12-05,0.0226
2018-12-06,0.1997
2018-12-07,0.0743
2018-12-08,0.0854
2018-12-09,0.0369
2018-12-10,0.0367
2018-12-11,0.0338
2018-12-12,0.0679
2018-12-13,0.0229
2018-12-14,0.0177
2018-12-15,0.0128
2018-12-16,0.0141
2018-12-17,0.0184
2018-12-18,0.0287
2018-12-19,0.0259
2018-12-20,0.0208
2018-12-21,0.045
2018-12-22,0.0105
2018-12-23,0.0104
2018-12-24,0.014
2018-12-25,0.0322
2018-12-26,0.017
2018-12-27,0.0164
2018-12-28,0.0127
2018-12-29,0.0123
2018-12-30,0.0349
2018-12-31,0.02
2019-01-01,0.0245
2019-01-02,0.0405
2019-01-03,0.0152
2019-01-04,0.016
2019-01-05,0.0204
2019-01-06,0.0225
2019-01-07,0.0305
2019-01-08,0.0136
2019-01-09,0.009
2019-01-10,0.0111
2019-01-11,0.0149
2019-01-12,0.0239
2019-01-13,0.0105
2019-01-14,0.0135
2019-01-15,0.0151
2019-01-16,0.019
2019-01-17,0.0463
2019-01-18,0.0176
2019-01-19,0.0107
2019-01-20,0.0128
2019-01-21,0.019
2019-01-22,0.0222
2019-01-23,0.0166
2019-01-24,0.0158
2019-01-25,0.0261
2019-01-26,0.0263
2019-01-27,0.0244
2019-01-28,0.0216
2019-01-29,0.0346
2019-01-30,0.0231
2019-01-31,0.022
2019-02-01,0.0241
2019-02-02,0.0234
2019-02-03,0.013
2019-02-04,0.0249
2019-02-05,0.0373
2019-02-06,0.0156
2019-02-07,0.0128
2019-02-08,0.0096
2019-02-09,0.0118
2019-02-10,0.0124
2019-02-11,0.0128
2019-02-12,0.0224
2019-02-13,0.0219
2019-02-14,0.0229
2019-02-15,0.016
2019-02-16,0.0106
2019-02-17,0.0154
2019-02-18,0.0268
2019-02-19,0.0194
2019-02-20,0.011
2019-02-21,0.011
2019-02-22,0.0175
2019-02-23,0.0129
2019-02-24,0.0143
2019-02-25,0.0255
2019-02-26,0.0234
2019-02-27,0.0222
2019-02-28,0.0939
2019-03-01,0.0477
2019-03-02,0.0371
2019-03-03,0.0211
2019-03-04,0.0206
2019-03-05,0.0143
2019-03-06,0.0148
2019-03-07,0.0163
2019-03-08,0.0131
2019-03-09,0.0133
2019-03-10,0.0065
2019-03-11,0.0161
2019-03-12,0.0141
2019-03-13,0.0269
2019-03-14,0.0415
2019-03-15,0.0189
2019-03-16,0.0134
2019-03-17,0.0136
2019-03-18,0.0097
2019-03-19,0.0122
2019-03-20,0.0117
2019-03-21,0.018
2019-03-22,0.0107
2019-03-23,0.0188
2019-03-24,0.0194
2019-03-25,0.0185
2019-03-26,0.0248
2019-03-27,0.0219
2019-03-28,0.0371
2019-03-29,0.0352
2019-03-30,0.0432
2019-03-31,0.0262
2019-04-01,0.0153
2019-04-02,0.0188
2019-04-03,0.0192
2019-04-04,0.0302
2019-04-05,0.0234
2019-04-06,0.0111
2019-04-07,0.0037
2019-04-08,0.0131
2019-04-09,0.0225
2019-04-10,0.012
2019-04-11,0.0263
2019-04-12,0.0156
2019-04-13,0.0076
2019-04-14,0.0121
2019-04-15,0.0135
2019-04-16,0.0361
2019-04-17,0.0982
2019-04-18,0.0155
2019-04-19,0.012
2019-04-20,0.0086
2019-04-21,0.0096
2019-04-22,0.0351
2019-04-23,0.0385
2019-04-24,0.0262
2019-04-25,0.0226
2019-04-26,0.0341
2019-04-27,0.0476
2019-04-28,0.0346
2019-04-29,0.0222
2019-04-30,0.0251
2019-05-01,0.1287
2019-05-02,0.0807
2019-05-03,0.0277
2019-05-04,0.0264
2019-05-05,0.0225
2019-05-06,0.0347
2019-05-07,0.0484
2019-05-08,0.029
2019-05-09,0.023
2019-05-10,0.0581
2019-05-11,0.0285
2019-05-12,0.0223
2019-05-13,0.0399
2019-05-14,0.1016
2019-05-15,0.0369
2019-05-16,0.1309
2019-05-17,0.0942
2019-05-18,0.0286
2019-05-19,0.0279
2019-05-20,0.048
2019-05-21,0.0891
2019-05-22,0.116
2019-05-23,0.0852
2019-05-24,0.0501
2019-05-25,0.0582
2019-05-26,0.0525
2019-05-27,0.0414
2019-05-28,0.0436
2019-05-29,0.2126
2019-05-30,0.2134
2019-05-31,0.1225
2019-06-01,0.1423
2019-06-02,0.1552
2019-06-03,0.0836
2019-06-04,0.0602
2019-06-05,0.0707
2019-06-06,0.0705
2019-06-07,0.0591
2019-06-08,0.1146
2019-06-09,0.1032
2019-06-10,0.0679
2019-06-11,0.0811
2019-06-12,0.0479
2019-06-13,0.0444
2019-06-14,0.066
2019-06-15,0.0529
2019-06-16,0.0243
2019-06-17,0.0407
2019-06-18,0.027
2019-06-19,0.0285
2019-06-20,0.0342
2019-06-21,0.0503
2019-06-22,0.0296
2019-06-23,0.0194
2019-06-24,0.0329
2019-06-25,0.0651
2019-06-26,0.0529
2019-06-27,0.0486
2019-06-28,0.0472
2019-06-29,0.0448
2019-06-30,0.0394
2019-07-01,0.1019
2019-07-02,0.0433
2019-07-03,0.0363
2019-07-04,0.0326
2019-07-05,0.0419
2019-07-06,0.0435
2019-07-07,0.0284
2019-07-08,0.0503
2019-07-09,0.0347
2019-07-10,0.0302
2019-07-11,0.0258
2019-07-12,0.0263
2019-07-13,0.0216
2019-07-14,0.0316
2019-07-15,0.028
2019-07-16,0.0194
2019-07-17,0.0202
2019-07-18,0.0383
2019-07-19,0.0266
2019-07-20,0.0231
2019-07-21,0.0171
2019-07-22,0.0419
2019-07-23,0.0446
2019-07-24,0.0211
2019-07-25,0.0192
2019-07-26,0.0182
2019-07-27,0.03
2019-07-28,0.018
2019-07-29,0.0381
2019-07-30,0.0353
2019-07-31,0.0227
2019-08-01,0.0294
2019-08-02,0.2212
2019-08-03,0.0483
2019-08-04,0.0298
2019-08-05,0.065
2019-08-06,0.202
2019-08-07,0.1042
2019-08-08,0.0623
2019-08-09,0.0445
2019-08-10,0.0303
2019-08-11,0.0213
2019-08-12,0.0315
2019-08-13,0.0285
2019-08-14,0.0223
2019-08-15,0.058
2019-08-16,0.036
2019-08-17,0.0291
2019-08-18,0.0713
2019-08-19,0.0421
2019-08-20,0.0371
2019-08-21,0.0707
2019-08-22,0.0835
2019-08-23,0.0873
2019-08-24,0.0737
2019-08-25,0.1342
2019-08-26,0.0591
2019-08-27,0.0397
2019-08-28,0.0238
2019-08-29,0.0361
2019-08-30,0.0379
2019-08-31,0.023
2019-09-01,0.032
2019-09-02,0.0235
2019-09-03,0.028
2019-09-04,0.052
2019-09-05,0.022
2019-09-06,0.0386
2019-09-07,0.016
2019-09-08,0.0166
2019-09-09,0.0184
2019-09-10,0.0284
2019-09-11,0.0265
2019-09-12,0.0292
2019-09-13,0.0216
2019-09-14,0.0261
2019-09-15,0.0176
2019-09-16,0.0625
2019-09-17,0.0497
2019-09-18,0.0508
2019-09-19,0.0437
2019-09-20,0.0461
2019-09-21,0.0296
2019-09-22,0.0269
2019-09-23,0.0317
2019-09-24,0.0251
2019-09-25,0.0424
2019-09-26,0.021
2019-09-27,0.0447
2019-09-28,0.0143
2019-09-29,0.0389
2019-09-30,0.0345
2019-10-01,0.034
2019-10-02,0.0356
2019-10-03,0.0302
2019-10-04,0.0343
2019-10-05,0.0225
2019-10-06,0.0129
2019-10-07,0.0188
2019-10-08,0.0205
2019-10-09,0.0224
2019-10-10,0.0199
2019-10-11,0.025
2019-10-12,0.0253
2019-10-13,0.0254
2019-10-14,0.0415
2019-10-15,0.0511
2019-10-16,0.049
2019-10-17,0.0466
2019-10-18,0.0234
2019-10-19,0.0288
2019-10-20,0.0208
2019-10-21,0.0123
2019-10-22,0.0138
2019-10-23,0.0164
2019-10-24,0.033
2019-10-25,0.0158
2019-10-26,0.0134
2019-10-27,0.0233
2019-10-28,0.0199
2019-10-29,0.0168
2019-10-30,0.0134
2019-10-31,0.0174
2019-11-01,0.013
2019-11-02,0.0108
2019-11-03,0.0187
2019-11-04,0.0291
2019-11-05,0.0218
2019-11-06,0.0207
2019-11-07,0.0181
2019-11-08,0.0326
2019-11-09,0.0155
2019-11-10,0.0322
2019-11-11,0.0196
2019-11-12,0.0267
2019-11-13,0.0188
2019-11-14,0.0165
2019-11-15,0.0331
2019-11-16,0.0199
2019-11-17,0.0107
2019-11-18,0.0172
2019-11-19,0.0513
2019-11-20,0.0627
2019-11-21,0.0212
2019-11-22,0.0597
2019-11-23,0.0369
2019-11-24,0.0367
2019-11-25,0.032
2019-11-26,0.0215
2019-11-27,0.0172
2019-11-28,0.0157
2019-11-29,0.0284
2019-11-30,0.0187
2019-12-01,0.0095
2019-12-02,0.0133
2019-12-03,0.0308
2019-12-04,0.0176
2019-12-05,0.0196
2019-12-06,0.0182
2019-12-07,0.0247
2019-12-08,0.0172
2019-12-09,0.0295
2019-12-10,0.0163
2019-12-11,0.0254
2019-12-12,0.033
2019-12-13,0.0319
2019-12-14,0.0142
2019-12-15,0.0562
2019-12-16,0.0392
2019-12-17,0.0303
2019-12-18,0.0199
2019-12-19,0.0143
2019-12-20,0.0308
2019-12-21,0.0259
2019-12-22,0.0173
2019-12-23,0.0225
2019-12-24,0.0198
2019-12-25,0.0262
2019-12-26,0.0149
2019-12-27,0.0215
2019-12-28,0.0172
2019-12-29,0.0132
2019-12-30,0.017
2019-12-31,0.0219
2020-01-01,0.016
2020-01-02,0.0206
2020-01-03,0.025
2020-01-04,0.0193
2020-01-05,0.0166
2020-01-06,0.032
2020-01-07,0.0128
2020-01-08,0.0223
2020-01-09,0.0147
2020-01-10,0.0178
2020-01-11,0.018
2020-01-12,0.0277
2020-01-13,0.0235
2020-01-14,0.0373
2020-01-15,0.0266
2020-01-16,0.0491
2020-01-17,0.0502
2020-01-18,0.0283
2020-01-19,0.195
2020-01-20,0.0626
2020-01-21,0.0342
2020-01-22,0.0272
2020-01-23,0.0232
2020-01-24,0.023
2020-01-25,0.0151
2020-01-26,0.0356
2020-01-27,0.0253
2020-01-28,0.0196
2020-01-29,0.016
2020-01-30,0.015
2020-01-31,0.0337
2020-02-01,0.0325
2020-02-02,0.0208
2020-02-03,0.0241
2020-02-04,0.0264
2020-02-05,0.0233
2020-02-06,0.0153
2020-02-07,0.0219
2020-02-08,0.0171
2020-02-09,0.0136
2020-02-10,0.0159
2020-02-11,0.0218
2020-02-12,0.0172
2020-02-13,0.0418
2020-02-14,0.018
2020-02-15,0.0183
2020-02-16,0.0732
2020-02-17,0.0338
2020-02-18,0.0659
2020-02-19,0.043
2020-02-20,0.0191
2020-02-21,0.0218
2020-02-22,0.0142
2020-02-23,0.0276
2020-02-24,0.0172
2020-02-25,0.0165
2020-02-26,0.0371
2020-02-27,0.0344
2020-02-28,0.0208
2020-02-29,0.0131
2020-03-01,0.007
2020-03-02,0.0164
2020-03-03,0.0111
2020-03-04,0.0731
2020-03-05,0.0575
2020-03-06,0.0278
2020-03-07,0.0233
2020-03-08,0.029
2020-03-09,0.0471
2020-03-10,0.0213
2020-03-11,0.0197
2020-03-12,0.0273
2020-03-13,0.0271
2020-03-14,0.0372
2020-03-15,0.0208
2020-03-16,0.0227
2020-03-17,0.0431
2020-03-18,0.0256
2020-03-19,0.0211
2020-03-20,0.0208
2020-03-21,0.0216
2020-03-22,0.0152
2020-03-23,0.0268
2020-03-24,0.0204
2020-03-25,0.0201
2020-03-26,0.041
2020-03-27,0.0686
2020-03-28,0.0235
2020-03-29,0.0149
2020-03-30,0.017
2020-03-31,0.0399
2020-04-01,0.0251
2020-04-02,0.0321
2020-04-03,0.0531
2020-04-04,0.0432
2020-04-05,0.0538
2020-04-06,0.0339
2020-04-07,0.0501
2020-04-08,0.0158
2020-04-09,0.0724
2020-04-10,0.02
2020-04-11,0.029
2020-04-12,0.0234
2020-04-13,0.0204
2020-04-14,0.0159
2020-04-15,0.0165
2020-04-16,0.0112
2020-04-17,0.0154
2020-04-18,0.0177
2020-04-19,0.0174
2020-04-20,0.0165
2020-04-21,0.0138
2020-04-22,0.0232
2020-04-23,0.0164
2020-04-24,0.014
2020-04-25,0.0122
2020-04-26,0.0239
2020-04-27,0.0438
2020-04-28,0.0572
2020-04-29,0.0468
2020-04-30,0.0364
2020-05-01,0.0507
2020-05-02,0.019
2020-05-03,0.0257
2020-05-04,0.0249
2020-05-05,0.0234
2020-05-06,0.0414
2020-05-07,0.0279
2020-05-08,0.0528
2020-05-09,0.0167
2020-05-10,0.0177
2020-05-11,0.014
2020-05-12,0.0316
2020-05-13,0.044
2020-05-14,0.0449
2020-05-15,0.0647
2020-05-16,0.0993
2020-05-17,0.0448
2020-05-18,0.0386
2020-05-19,0.0293
2020-05-20,0.0293
2020-05-21,0.016
2020-05-22,0.0418
2020-05-23,0.0184
2020-05-24,0.0298
2020-05-25,0.0359
2020-05-26,0.0171
2020-05-27,0.0251
2020-05-28,0.0533
2020-05-29,0.067
2020-05-30,0.1351
2020-05-31,0.021
2020-06-01,0.0604
2020-06-02,0.0322
2020-06-03,0.0138
2020-06-04,0.0146
2020-06-05,0.0185
2020-06-06,0.025
2020-06-07,0.0155
2020-06-08,0.0211
2020-06-09,0.0319
2020-06-10,0.0557
2020-06-11,0.0292
2020-06-12,0.0396
2020-06-13,0.028
2020-06-14,0.0237
2020-06-15,0.0231
2020-06-16,0.0197
2020-06-17,0.0216
2020-06-18,0.0178
2020-06-19,0.1287
2020-06-20,0.0427
2020-06-21,0.0189
2020-06-22,0.0247
2020-06-23,0.0358
2020-06-24,0.0354
2020-06-25,0.0641
2020-06-26,0.0328
2020-06-27,0.0269
2020-06-28,0.0183
2020-06-29,0.0439
2020-06-30,0.1191
2020-07-01,0.0701
2020-07-02,0.0327
2020-07-03,0.0173
2020-07-04,0.0127
2020-07-05,0.0257
2020-07-06,0.0205
2020-07-07,0.0242
2020-07-08,0.0286
2020-07-09,0.0292
2020-07-10,0.0213
2020-07-11,0.0199
2020-07-12,0.0221
2020-07-13,0.0661
2020-07-14,0.0474
2020-07-15,0.0999
2020-07-16,0.0503
2020-07-17,0.0287
2020-07-18,0.0234
2020-07-19,0.0184
2020-07-20,0.1149
2020-07-21,0.18
2020-07-22,0.0885
2020-07-23,0.0262
2020-07-24,0.0247
2020-07-25,0.0303
2020-07-26,0.0255
2020-07-27,0.0225
2020-07-28,0.02
2020-07-29,0.03
2020-07-30,0.0217
2020-07-31,0.0424
2020-08-01,0.0483
2020-08-02,0.011
2020-08-03,0.0182
2020-08-04,0.0186
2020-08-05,0.0385
2020-08-06,0.0621
2020-08-07,0.0346
2020-08-08,0.0389
2020-08-09,0.0788
2020-08-10,0.0385
2020-08-11,0.0643
2020-08-12,0.0755
2020-08-13,0.0517
2020-08-14,0.1276
2020-08-15,0.5603
2020-08-16,0.1867
2020-08-17,0.0762
2020-08-18,0.0444
2020-08-19,0.0701
2020-08-20,0.2625
2020-08-21,0.1798
2020-08-22,0.1039
2020-08-23,0.0449
2020-08-24,0.0275
2020-08-25,0.0526
2020-08-26,0.0706
2020-08-27,0.0675
2020-08-28,0.0795
2020-08-29,0.1627
2020-08-30,0.0345
2020-08-31,0.1271
2020-09-01,0.0439
2020-09-02,0.0319
2020-09-03,0.0407
2020-09-04,0.0257
2020-09-05,0.2931
2020-09-06,0.044
2020-09-07,0.0397
2020-09-08,0.0306
2020-09-09,0.0139
2020-09-10,0.023
2020-09-11,0.0384
2020-09-12,0.022
2020-09-13,0.0235
2020-09-14,0.051
2020-09-15,0.0418
2020-09-16,0.0349
2020-09-17,0.1499
2020-09-18,0.0593
2020-09-19,0.064
2020-09-20,0.2636
2020-09-21,0.0886
2020-09-22,0.0947
2020-09-23,0.0405
2020-09-24,0.0216
2020-09-25,0.0258
2020-09-26,0.0444
2020-09-27,0.0348
2020-09-28,0.0227
2020-09-29,0.018
2020-09-30,0.0171
2020-10-01,0.0227
2020-10-02,0.0195
2020-10-03,0.0121
2020-10-04,0.0165
2020-10-05,0.0242
2020-10-06,0.0146
2020-10-07,0.0583
2020-10-08,0.0416
2020-10-09,0.035
2020-10-10,0.0469
2020-10-11,0.0686
2020-10-12,0.1008
2020-10-13,0.0167
2020-10-14,0.0589
2020-10-15,0.0316
2020-10-16,0.0208
2020-10-17,0.0796
2020-10-18,0.4052
2020-10-19,0.1115
2020-10-20,0.1115
2020-10-21,0.0353
2020-10-22,0.0348
2020-10-23,0.0147
2020-10-24,0.0246
2020-10-25,0.056
2020-10-26,0.0332
2020-10-27,0.0112
2020-10-28,0.0126
2020-10-29,0.0871
2020-10-30,0.0261
2020-10-31,0.0129
2020-11-01,0.0125
2020-11-02,0.0179
2020-11-03,0.0207
2020-11-04,0.0141
2020-11-05,0.012
2020-11-06,0.0163
2020-11-07,0.0148
2020-11-08,0.1874
2020-11-09,0.0184
2020-11-10,0.1866
2020-11-11,0.145
2020-11-12,0.1316
2020-11-13,0.0264
2020-11-14,0.0673
2020-11-15,0.017
2020-11-16,0.0103
2020-11-17,0.0169
2020-11-18,0.0154
2020-11-19,0.0186
2020-11-20,0.0108
2020-11-21,0.0212
2020-11-22,0.0227
2020-11-23,0.0255
2020-11-24,0.0238
2020-11-25,0.0143
2020-11-26,0.0143
2020-11-27,0.0151
2020-11-28,0.0127
2020-11-29,0.0167
2020-11-30,0.0149
2020-12-01,0.0195
2020-12-02,0.0192
2020-12-03,0.0247
2020-12-04,0.016
2020-12-05,0.0423
2020-12-06,0.1711
2020-12-07,0.1417
2020-12-08,0.0184
2020-12-09,0.0236
2020-12-10,0.0215
2020-12-11,0.025
2020-12-12,0.0175
2020-12-13,0.012
2020-12-14,0.01
2020-12-15,0.0182
2020-12-16,0.0147
2020-12-17,0.021
2020-12-18,0.0316
2020-12-19,0.0421
2020-12-20,0.0242
2020-12-21,0.0155
2020-12-22,0.0234
2020-12-23,0.0217
2020-12-24,0.0251
2020-12-25,0.0118
2020-12-26,0.0161
2020-12-27,0.0238
2020-12-28,0.0138
2020-12-29,0.0103
2020-12-30,0.0132
2020-12-31,0.0161
2021-01-01,0.0113
2021-01-02,0.011
2021-01-03,0.0142
2021-01-04,0.0131
2021-01-05,0.0533
2021-01-06,0.0236
2021-01-07,0.0132
2021-01-08,0.0202
2021-01-09,0.0146
2021-01-10,0.04
2021-01-11,0.023
2021-01-12,0.0448
2021-01-13,0.0217
2021-01-14,0.022
2021-01-15,0.0188
2021-01-16,0.0164
2021-01-17,0.0269
2021-01-18,0.0162
2021-01-19,0.0166
2021-01-20,0.0158
2021-01-21,0.0263
2021-01-22,0.0248
2021-01-23,0.02
2021-01-24,0.018
2021-01-25,0.0227
2021-01-26,0.0258
2021-01-27,0.0414
2021-01-28,0.0683
2021-01-29,0.0505
2021-01-30,0.0323
2021-01-31,0.035
2021-02-01,0.0685
2021-02-02,0.048
2021-02-03,0.0272
2021-02-04,0.0298
2021-02-05,0.0262
2021-02-06,0.0119
2021-02-07,0.1655
2021-02-08,0.0377
2021-02-09,0.0352
2021-02-10,0.0262
2021-02-11,0.0365
2021-02-12,0.0271
2021-02-13,0.0135
2021-02-14,0.0253
2021-02-15,0.011
2021-02-16,0.0409
2021-02-17,0.0296
2021-02-18,0.0369
2021-02-19,0.0863
2021-02-20,0.0317
2021-02-21,0.0276
2021-02-22,0.0344
2021-02-23,0.0235
2021-02-24,0.0831
2021-02-25,0.0682
2021-02-26,0.0266
2021-02-27,0.0115
2021-02-28,0.0213
2021-03-01,0.0606
2021-03-02,0.0651
2021-03-03,0.0216
2021-03-04,0.0356
2021-03-05,0.0961
2021-03-06,0.0734
2021-03-07,0.1242
2021-03-08,0.0494
2021-03-09,0.0383
2021-03-10,0.0858
2021-03-11,0.0461
2021-03-12,0.0469
2021-03-13,0.0428
2021-03-14,0.0278
2021-03-15,0.0214
2021-03-16,0.0365
2021-03-17,0.0601
2021-03-18,0.0392
2021-03-19,0.0229
2021-03-20,0.076
2021-03-21,0.0273
2021-03-22,0.1131
2021-03-23,0.0616
2021-03-24,0.1128
2021-03-25,0.0839
2021-03-26,0.0479
2021-03-27,0.0496
2021-03-28,0.0469
2021-03-29,0.038
2021-03-30,0.0372
2021-03-31,0.0215
2021-04-01,0.038
2021-04-02,0.0223
2021-04-03,0.0429
2021-04-04,0.0279
2021-04-05,0.0258
2021-04-06,0.0579
2021-04-07,0.0514
2021-04-08,0.0238
2021-04-09,0.05
2021-04-10,0.0474
2021-04-11,0.0875
2021-04-12,0.0434
2021-04-13,0.0228
2021-04-14,0.0296
2021-04-15,0.0208
2021-04-16,0.0718
2021-04-17,0.045
2021-04-18,0.0337
2021-04-19,0.0225
2021-04-20,0.0471
2021-04-21,0.0183
2021-04-22,0.0233
2021-04-23,0.0168
2021-04-24,0.071
2021-04-25,0.0597
2021-04-26,0.0282
2021-04-27,0.0342
2021-04-28,0.0196
2021-04-29,0.0275
2021-04-30,0.0206
2021-05-01,0.0171
2021-05-02,0.0139
2021-05-03,0.0242
2021-05-04,0.0303
2021-05-05,0.0397
2021-05-06,0.0498
2021-05-07,0.0365
2021-05-08,0.0273
2021-05-09,0.0263
2021-05-10,0.0516
2021-05-11,0.0226
2021-05-12,0.0405
2021-05-13,0.0214
2021-05-14,0.0206
2021-05-15,0.0115
2021-05-16,0.0424
2021-05-17,0.0224
2021-05-18,0.0262
2021-05-19,0.0447
2021-05-20,0.0214
2021-05-21,0.0383
2021-05-22,0.0286
2021-05-23,0.0314
2021-05-24,0.0237
2021-05-25,0.0265
2021-05-26,0.0275
2021-05-27,0.0236
2021-05-28,0.022
2021-05-29,0.0202
2021-05-30,0.0183
2021-05-31,0.0253
2021-06-01,0.035
2021-06-02,0.0242
2021-06-03,0.0215
2021-06-04,0.0157
2021-06-05,0.0155
2021-06-06,0.0122
2021-06-07,0.0485
2021-06-08,0.0487
2021-06-09,0.0247
2021-06-10,0.0245
2021-06-11,0.0301
2021-06-12,0.0207
2021-06-13,0.0419
2021-06-14,0.0164
2021-06-15,0.0437
2021-06-16,0.0189
2021-06-17,0.0147
2021-06-18,0.0319
2021-06-19,0.0889
2021-06-20,0.0492
2021-06-21,0.0382
2021-06-22,0.0165
2021-06-23,0.0225
2021-06-24,0.0349
2021-06-25,0.0188
2021-06-26,0.0126
2021-06-27,0.0179
2021-06-28,0.0229
2021-06-29,0.02
2021-06-30,0.0287
2021-07-01,0.0192
2021-07-02,0.0165
2021-07-03,0.0149
2021-07-04,0.0277
2021-07-05,0.0245
2021-07-06,0.0233
2021-07-07,0.0221
2021-07-08,0.0209
2021-07-09,0.0264
2021-07-10,0.0173
2021-07-11,0.0212
2021-07-12,0.0232
2021-07-13,0.0419
2021-07-14,0.0302
2021-07-15,0.0297
2021-07-16,0.0326
2021-07-17,0.0211
2021-07-18,0.025
2021-07-19,0.0339
2021-07-20,0.027
2021-07-21,0.0213
2021-07-22,0.0604
2021-07-23,0.0273
2021-07-24,0.0234
2021-07-25,0.0227
2021-07-26,0.0156
2021-07-27,0.0168
2021-07-28,0.0206
2021-07-29,0.0182
2021-07-30,0.021
2021-07-31,0.0212
2021-08-01,0.0351
2021-08-02,0.0179
2021-08-03,0.0186
2021-08-04,0.0214
2021-08-05,0.0195
2021-08-06,0.0207
2021-08-07,0.011
2021-08-08,0.0299
2021-08-09,0.0182
2021-08-10,0.0128
2021-08-11,0.0145
2021-08-12,0.0122
2021-08-13,0.0143
2021-08-14,0.0538
2021-08-15,0.0176
2021-08-16,0.0144
2021-08-17,0.0154
2021-08-18,0.0455
2021-08-19,0.0316
2021-08-20,0.0339
2021-08-21,0.0274
2021-08-22,0.0399
2021-08-23,0.0251
2021-08-24,0.0502
2021-08-25,0.022
2021-08-26,0.0252
2021-08-27,0.0147
2021-08-28,0.017
2021-08-29,0.0288
2021-08-30,0.016
2021-08-31,0.0239
2021-09-01,0.0176
2021-09-02,0.0288
2021-09-03,0.0324
2021-09-04,0.0114
2021-09-05,0.0186
2021-09-06,0.0136
2021-09-07,0.0187
2021-09-08,0.0161
2021-09-09,0.0123
2021-09-10,0.0162
2021-09-11,0.0139
2021-09-12,0.0141
2021-09-13,0.0187
2021-09-14,0.0164
2021-09-15,0.0528
2021-09-16,0.031
2021-09-17,0.0495
2021-09-18,0.0246
2021-09-19,0.0227
2021-09-20,0.0217
2021-09-21,0.0136
2021-09-22,0.0239
2021-09-23,0.0283
2021-09-24,0.0204
2021-09-25,0.0259
2021-09-26,0.0705
2021-09-27,0.0417
2021-09-28,0.0208
2021-09-29,0.0317
2021-09-30,0.0386
2021-10-01,0.0204
2021-10-02,0.021
2021-10-03,0.0347
2021-10-04,0.0151
2021-10-05,0.0115
2021-10-06,0.0223
2021-10-07,0.0248
2021-10-08,0.0187
2021-10-09,0.0148
2021-10-10,0.0141
2021-10-11,0.0193
2021-10-12,0.0266
2021-10-13,0.0154
2021-10-14,0.0173
2021-10-15,0.0171
2021-10-16,0.0102
2021-10-17,0.0302
2021-10-18,0.0148
2021-10-19,0.0121
2021-10-20,0.0223
2021-10-21,0.0323
2021-10-22,0.0152
2021-10-23,0.016
2021-10-24,0.0183
2021-10-25,0.0176
2021-10-26,0.0202
2021-10-27,0.0233
2021-10-28,0.0181
2021-10-29,0.0153
2021-10-30,0.0092
2021-10-31,0.0431
2021-11-01,0.0162
2021-11-02,0.0124
2021-11-03,0.0236
2021-11-04,0.0181
2021-11-05,0.0166
2021-11-06,0.0152
2021-11-07,0.0168
2021-11-08,0.0152
2021-11-09,0.015
2021-11-10,0.0176
2021-11-11,0.0184
2021-11-12,0.0263
2021-11-13,0.0208
2021-11-14,0.0147
2021-11-15,0.021
2021-11-16,0.0205
2021-11-17,0.0205
2021-11-18,0.0357
2021-11-19,0.0167
2021-11-20,0.0147
2021-11-21,0.0113
2021-11-22,0.0194
2021-11-23,0.0389
2021-11-24,0.0797
2021-11-25,0.0196
2021-11-26,0.0125
2021-11-27,0.0087
2021-11-28,0.0215
2021-11-29,0.0286
2021-11-30,0.0286
2021-12-01,0.0182
2021-12-02,0.0195
2021-12-03,0.0209
2021-12-04,0.0186
2021-12-05,0.0381
2021-12-06,0.0304
2021-12-07,0.0356
2021-12-08,0.0305
2021-12-09,0.0611
2021-12-10,0.075
2021-12-11,0.0335
2021-12-12,0.0412
2021-12-13,0.0469
2021-12-14,0.0448
2021-12-15,0.0426
2021-12-16,0.0277
2021-12-17,0.0329
2021-12-18,0.0151
2021-12-19,0.0132
2021-12-20,0.0335
2021-12-21,0.0366
2021-12-22,0.0322
2021-12-23,0.0582
2021-12-24,0.0494
2021-12-25,0.0252
2021-12-26,0.0142
2021-12-27,0.0348
2021-12-28,0.0304
2021-12-29,0.0405
2021-12-30,0.0658
2021-12-31,0.0298
2022-01-01,0.0228
2022-01-02,0.041
2022-01-03,0.0271
2022-01-04,0.0297
2022-01-05,0.0187
2022-01-06,0.0181
2022-01-07,0.0188
2022-01-08,0.023
2022-01-09,0.0479
2022-01-10,0.0296
2022-01-11,0.0261
2022-01-12,0.0253
2022-01-13,0.021
2022-01-14,0.0273
2022-01-15,0.0377
2022-01-16,0.0246
2022-01-17,0.0273
2022-01-18,0.0191
2022-01-19,0.0243
2022-01-20,0.0312
2022-01-21,0.0178
2022-01-22,0.0271
2022-01-23,0.0255
2022-01-24,0.0206
2022-01-25,0.0757
2022-01-26,0.0326
2022-01-27,0.0182
2022-01-28,0.0223
2022-01-29,0.0263
2022-01-30,0.0233
2022-01-31,0.0255
2022-02-01,0.0277
2022-02-02,0.0185
2022-02-03,0.0177
2022-02-04,0.0333
2022-02-05,0.0424
2022-02-06,0.0402
2022-02-07,0.0485
2022-02-08,0.0449
2022-02-09,0.0292
2022-02-10,0.0148
2022-02-11,0.0264
2022-02-12,0.0365
2022-02-13,0.0193
2022-02-14,0.0227
2022-02-15,0.0158
2022-02-16,0.0517
2022-02-17,0.0293
2022-02-18,0.0224
2022-02-19,0.0427
2022-02-20,0.0977
2022-02-21,0.0169
2022-02-22,0.0642
2022-02-23,0.1073
2022-02-24,0.1531
2022-02-25,0.3258
2022-02-26,0.3749
2022-02-27,0.1235
2022-02-28,0.0854
2022-03-01,0.1174
2022-03-02,0.1377
2022-03-03,0.1325
2022-03-04,0.0731
2022-03-05,0.0852
2022-03-06,0.1166
2022-03-07,0.1797
2022-03-08,0.2056
2022-03-09,0.1814
2022-03-10,0.138
2022-03-11,0.1415
2022-03-12,0.1817
2022-03-13,0.1332
2022-03-14,0.0871
2022-03-15,0.1365
2022-03-16,0.0708
2022-03-17,0.0601
2022-03-18,0.1126
2022-03-19,0.0927
2022-03-20,0.094
2022-03-21,0.1202
2022-03-22,0.133
2022-03-23,0.0989
2022-03-24,0.1549
2022-03-25,0.1006
2022-03-26,0.0797
2022-03-27,0.0525
2022-03-28,0.0624
2022-03-29,0.0739
2022-03-30,0.0762
2022-03-31,0.1354
2022-04-01,0.0622
2022-04-02,0.0438
2022-04-03,0.0416
2022-04-04,0.0881
2022-04-05,0.0984
2022-04-06,0.0962
2022-04-07,0.1346
2022-04-08,0.0938
2022-04-09,0.0847
2022-04-10,0.1235
2022-04-11,0.0789
2022-04-12,0.0806
2022-04-13,0.0884
2022-04-14,0.0673
2022-04-15,0.1036
2022-04-16,0.0697
2022-04-17,0.0559
2022-04-18,0.0631
2022-04-19,0.0634
2022-04-20,0.0713
2022-04-21,0.0789
2022-04-22,0.0752
2022-04-23,0.061
2022-04-24,0.0636
2022-04-25,0.0812
2022-04-26,0.0814
2022-04-27,0.0791
2022-04-28,0.1246
2022-04-29,0.1173
2022-04-30,0.073
2022-05-01,0.0882
2022-05-02,0.1366
2022-05-03,0.1211
2022-05-04,0.2082
2022-05-05,0.1872
2022-05-06,0.1299
2022-05-07,0.0776
2022-05-08,0.0714
2022-05-09,0.1376
2022-05-10,0.0937
2022-05-11,0.0874
2022-05-12,0.0909
2022-05-13,0.0894
2022-05-14,0.0638
2022-05-15,0.0803
2022-05-16,0.0931
2022-05-17,0.1005
2022-05-18,0.068
2022-05-19,0.1051
2022-05-20,0.0781
2022-05-21,0.2287
2022-05-22,0.0664
2022-05-23,0.1304
2022-05-24,0.1487
2022-05-25,0.0586
2022-05-26,0.1084
2022-05-27,0.0824
2022-05-28,0.0666
2022-05-29,0.049
2022-05-30,0.1204
2022-05-31,0.2719
2022-06-01,0.1949
2022-06-02,0.1021
2022-06-03,0.1301
2022-06-04,0.0766
2022-06-05,0.0764
2022-06-06,0.1071
2022-06-07,0.0706
2022-06-08,0.074
2022-06-09,0.0646
2022-06-10,0.0672
2022-06-11,0.0396
2022-06-12,0.0567
2022-06-13,0.0867
2022-06-14,0.0617
2022-06-15,0.0445
2022-06-16,0.0488
2022-06-17,0.0495
2022-06-18,0.0363
2022-06-19,0.035
2022-06-20,0.0549
2022-06-21,0.0432
2022-06-22,0.0632
2022-06-23,0.0424
2022-06-24,0.0559
2022-06-25,0.0422
2022-06-26,0.1211
2022-06-27,0.0998
2022-06-28,0.0852
2022-06-29,0.1358
2022-06-30,0.0506
2022-07-01,0.0467
2022-07-02,0.046
2022-07-03,0.033
2022-07-04,0.0512
2022-07-05,0.0517
2022-07-06,0.0404
2022-07-07,0.0387
2022-07-08,0.0345
2022-07-09,0.0397
2022-07-10,0.0359
2022-07-11,0.0457
2022-07-12,0.0375
2022-07-13,0.0833
2022-07-14,0.0504
2022-07-15,0.0999
2022-07-16,0.2255
2022-07-17,0.0572
2022-07-18,0.0512
2022-07-19,0.0373
2022-07-20,0.0313
2022-07-21,0.0398
2022-07-22,0.0411
2022-07-23,0.0473
2022-07-24,0.0384
2022-07-25,0.0281
2022-07-26,0.0321
2022-07-27,0.0461
2022-07-28,0.0432
2022-07-29,0.0277
2022-07-30,0.0739
2022-07-31,0.0326
2022-08-01,0.0383
2022-08-02,0.0616
2022-08-03,0.0538
2022-08-04,0.0468
2022-08-05,0.0372
2022-08-06,0.0307
2022-08-07,0.0338
2022-08-08,0.0542
2022-08-09,0.0947
2022-08-10,0.0614
2022-08-11,0.0791
2022-08-12,0.0633
2022-08-13,0.0327
2022-08-14,0.0231
2022-08-15,0.0532
2022-08-16,0.0292
2022-08-17,0.0385
2022-08-18,0.0466
2022-08-19,0.0366
2022-08-20,0.0892
2022-08-21,0.0794
2022-08-22,0.0448
2022-08-23,0.0677
2022-08-24,0.0653
2022-08-25,0.0531
2022-08-26,0.0409
2022-08-27,0.0643
2022-08-28,0.0326
2022-08-29,0.0388
2022-08-30,0.0484
2022-08-31,0.0217
2022-09-01,0.093
2022-09-02,0.0675
2022-09-03,0.0436
2022-09-04,0.0361
2022-09-05,0.0449
2022-09-06,0.1148
2022-09-07,0.0521
2022-09-08,0.0372
2022-09-09,0.0354
2022-09-10,0.0197
2022-09-11,0.0456
2022-09-12,0.0387
2022-09-13,0.0292
2022-09-14,0.0605
2022-09-15,0.052
2022-09-16,0.0533
2022-09-17,0.0743
2022-09-18,0.0468
2022-09-19,0.0446
2022-09-20,0.0418
2022-09-21,0.0501
2022-09-22,0.0769
2022-09-23,0.039
2022-09-24,0.1121
2022-09-25,0.0348
2022-09-26,0.0378
2022-09-27,0.0396
2022-09-28,0.04
2022-09-29,0.023
2022-09-30,0.0263
2022-10-01,0.0224
2022-10-02,0.0403
2022-10-03,0.029
2022-10-04,0.0288
2022-10-05,0.0873
2022-10-06,0.0306
2022-10-07,0.0625
2022-10-08,0.1006
2022-10-09,0.0522
2022-10-10,0.1369
2022-10-11,0.1162
2022-10-12,0.0608
2022-10-13,0.0513
2022-10-14,0.066
2022-10-15,0.0384
2022-10-16,0.0381
2022-10-17,0.079
2022-10-18,0.0761
2022-10-19,0.0757
2022-10-20,0.0862
2022-10-21,0.1057
2022-10-22,0.113
2022-10-23,0.0384
2022-10-24,0.0332
2022-10-25,0.107
2022-10-26,0.0662
2022-10-27,0.0728
2022-10-28,0.0425
2022-10-29,0.0276
2022-10-30,0.0457
2022-10-31,0.05
2022-11-01,0.0354
2022-11-02,0.0843
2022-11-03,0.0605
2022-11-04,0.0737
2022-11-05,0.0592
2022-11-06,0.0528
2022-11-07,0.0654
2022-11-08,0.134
2022-11-09,0.0476
2022-11-10,0.0391
2022-11-11,0.0632
2022-11-12,0.2356
2022-11-13,0.106
2022-11-14,0.0393
2022-11-15,0.1061
2022-11-16,0.0374
2022-11-17,0.0523
2022-11-18,0.0648
2022-11-19,0.0357
2022-11-20,0.0294
2022-11-21,0.0644
2022-11-22,0.0693
2022-11-23,0.0514
2022-11-24,0.0475
2022-11-25,0.0459
2022-11-26,0.0432
2022-11-27,0.0551
2022-11-28,0.0629
2022-11-29,0.0651
2022-11-30,0.043
2022-12-01,0.0487
2022-12-02,0.1994
2022-12-03,0.3059
2022-12-04,0.2224
2022-12-05,0.2555
2022-12-06,0.1465
2022-12-07,0.0793
2022-12-08,0.0602
2022-12-09,0.0812
2022-12-10,0.0943
2022-12-11,0.0768
2022-12-12,0.0617
2022-12-13,0.082
2022-12-14,0.0484
2022-12-15,0.0586
2022-12-16,0.0794
2022-12-17,0.0359
2022-12-18,0.0241
2022-12-19,0.026
2022-12-20,0.0391
2022-12-21,0.0583
2022-12-22,0.0657
2022-12-23,0.0521
2022-12-24,0.0738
2022-12-25,0.0651
2022-12-26,0.0381
2022-12-27,0.0635
2022-12-28,0.0661
2022-12-29,0.0542
2022-12-30,0.0395
2022-12-31,0.0324
2023-01-01,0.0384
2023-01-02,0.0692
2023-01-03,0.0405
2023-01-04,0.0539
2023-01-05,0.0492
2023-01-06,0.0502
2023-01-07,0.0471
2023-01-08,0.1176
2023-01-09,0.1491
2023-01-10,0.1545
2023-01-11,0.1255
2023-01-12,0.1975
2023-01-13,0.194
2023-01-14,0.191
2023-01-15,0.1507
2023-01-16,0.1618
2023-01-17,0.3244
2023-01-18,0.2044
2023-01-19,0.1454
2023-01-20,0.1492
2023-01-21,0.1668
2023-01-22,0.1723
2023-01-23,0.1845
2023-01-24,0.1767
2023-01-25,0.1717
2023-01-26,0.1685
2023-01-27,0.1652
2023-01-28,0.1814
2023-01-29,0.264
2023-01-30,0.2602
2023-01-31,0.2196
2023-02-01,0.1594
2023-02-02,0.1184
2023-02-03,0.2373
2023-02-04,0.2028
2023-02-05,0.3973
2023-02-06,0.235
2023-02-07,0.1903
2023-02-08,0.1878
2023-02-09,0.1439
2023-02-10,0.1856
2023-02-11,0.2254
2023-02-12,0.212
2023-02-13,0.1908
2023-02-14,0.1746
2023-02-15,0.1336
2023-02-16,0.1868
2023-02-17,0.1986
2023-02-18,0.1785
2023-02-19,0.1984
2023-02-20,0.2602
2023-02-21,0.2237
2023-02-22,0.1726
2023-02-23,0.2001
2023-02-24,0.2523
2023-02-25,0.2342
2023-02-26,0.1824
2023-02-27,0.0484
2023-02-28,0.1691
2023-03-01,0.1941
2023-03-02,0.1559
2023-03-03,0.178
2023-03-04,0.1879
2023-03-05,0.2793
2023-03-06,0.2715
2023-03-07,0.1735
2023-03-08,0.147
2023-03-09,0.1606
2023-03-10,0.2107
2023-03-11,0.1896
2023-03-12,0.1414
2023-03-13,0.1698
2023-03-14,0.1626
2023-03-15,0.1422
2023-03-16,0.2122
2023-03-17,0.152
2023-03-18,0.1604
2023-03-19,0.1865
2023-03-20,0.1503
2023-03-21,0.1571
2023-03-22,0.0822
2023-03-23,0.0822
2023-03-24,0.0462
2023-03-25,0.0534
2023-03-26,0.1231
2023-03-27,0.1069
2023-03-28,0.0713
2023-03-29,0.1048
2023-03-30,0.1574
2023-03-31,0.1442
2023-04-01,0.125
2023-04-02,0.1561
2023-04-03,0.1313
2023-04-04,0.1441
2023-04-05,0.1344
2023-04-06,0.1136
2023-04-07,0.0957
2023-04-08,0.1111
2023-04-09,0.0938
2023-04-10,0.1236
2023-04-11,0.1385
2023-04-12,0.0982
2023-04-13,0.1254
2023-04-14,0.1151
2023-04-15,0.1436
2023-04-16,0.1583
2023-04-17,0.06
2023-04-18,0.043
2023-04-19,0.039
2023-04-20,0.0725
2023-04-21,0.0385
2023-04-22,0.0341
2023-04-23,0.0353
2023-04-24,0.0354
2023-04-25,0.0341
2023-04-26,0.0324
2023-04-27,0.0298
2023-04-28,0.0389
2023-04-29,0.0194
2023-04-30,0.0126
2023-05-01,0.0341
2023-05-02,0.0399
2023-05-03,0.0363
2023-05-04,0.0398
2023-05-05,0.0403
2023-05-06,0.0396
2023-05-07,0.0273
2023-05-08,0.027
2023-05-09,0.0297
2023-05-10,0.0264
2023-05-11,0.0722
2023-05-12,0.0392
2023-05-13,0.1248
2023-05-14,0.0398
2023-05-15,0.0504
2023-05-16,0.0312
2023-05-17,0.043
2023-05-18,0.0958
2023-05-19,0.0933
2023-05-20,0.13
2023-05-21,0.0351
2023-05-22,0.0714
2023-05-23,0.0483
2023-05-24,0.0397
2023-05-25,0.0249
2023-05-26,0.0618
2023-05-27,0.0349
2023-05-28,0.0474
2023-05-29,0.0418
2023-05-30,0.0469
2023-05-31,0.0585
2023-06-01,0.0303
2023-06-02,0.0503
2023-06-03,0.0181
2023-06-04,0.0157
2023-06-05,0.0178
2023-06-06,0.027
2023-06-07,0.0202
2023-06-08,0.0237
2023-06-09,0.0388
2023-06-10,0.03
2023-06-11,0.0245
2023-06-12,0.0518
2023-06-13,0.0452
2023-06-14,0.0368
2023-06-15,0.0268
2023-06-16,0.0382
2023-06-17,0.0135
2023-06-18,0.0163
2023-06-19,0.0486
2023-06-20,0.0597
2023-06-21,0.0543
2023-06-22,0.0317
2023-06-23,0.0444
2023-06-24,0.0193
2023-06-25,0.0329
2023-06-26,0.0155
2023-06-27,0.038
2023-06-28,0.0339
2023-06-29,0.049
2023-06-30,0.0627
2023-07-01,0.0228
2023-07-02,0.0255
2023-07-03,0.0545
2023-07-04,0.1187
2023-07-05,0.0972
2023-07-06,0.1464
2023-07-07,0.1483
2023-07-08,0.0833
2023-07-09,0.1643
2023-07-10,0.0478
2023-07-11,0.042
2023-07-12,0.038
2023-07-13,0.0501
2023-07-14,0.0392
2023-07-15,0.0339
2023-07-16,0.0301
2023-07-17,0.045
2023-07-18,0.0493
2023-07-19,0.0207
2023-07-20,0.0295
2023-07-21,0.0391
2023-07-22,0.0235
2023-07-23,0.0246
2023-07-24,0.0341
2023-07-25,0.032
2023-07-26,0.0261
2023-07-27,0.0569
2023-07-28,0.0388
2023-07-29,0.0419
2023-07-30,0.0235
2023-07-31,0.058
2023-08-01,0.056
2023-08-02,0.0581
2023-08-03,0.0361
2023-08-04,0.0339
2023-08-05,0.0178
2023-08-06,0.0125
2023-08-07,0.0262
2023-08-08,0.0351
2023-08-09,0.0503
2023-08-10,0.0538
2023-08-11,0.0376
2023-08-12,0.0315
2023-08-13,0.0165
2023-08-14,0.0244
2023-08-15,0.0256
2023-08-16,0.0325
2023-08-17,0.0408
2023-08-18,0.0411
2023-08-19,0.0365
2023-08-20,0.0234
2023-08-21,0.024
2023-08-22,0.0335
2023-08-23,0.0365
2023-08-24,0.0356
2023-08-25,0.0284
2023-08-26,0.0851
2023-08-27,0.0638
2023-08-28,0.08
2023-08-29,0.074
2023-08-30,0.0523
2023-08-31,0.0473
2023-09-01,0.0364
2023-09-02,0.0577
2023-09-03,0.0635
2023-09-04,0.0281
2023-09-05,0.0492
2023-09-06,0.0472
2023-09-07,0.0395
2023-09-08,0.0274
2023-09-09,0.0307
2023-09-10,0.067
2023-09-11,0.0351
2023-09-12,0.0458
2023-09-13,0.0476
2023-09-14,0.0356
2023-09-15,0.0516
2023-09-16,0.0525
2023-09-17,0.063
2023-09-18,0.0347
2023-09-19,0.0525
2023-09-20,0.0478
2023-09-21,0.066
2023-09-22,0.0539
2023-09-23,0.0681
2023-09-24,0.0287
2023-09-25,0.0571
2023-09-26,0.0598
2023-09-27,0.0362
2023-09-28,0.0295
2023-09-29,0.0405
2023-09-30,0.0281
2023-10-01,0.0162
2023-10-02,0.0473
2023-10-03,0.0642
2023-10-04,0.0246
2023-10-05,0.0287
2023-10-06,0.0456
2023-10-07,0.0242
2023-10-08,0.0359
2023-10-09,0.0502
2023-10-10,0.034
2023-10-11,0.0375
2023-10-12,0.036
2023-10-13,0.0558
2023-10-14,0.0261
2023-10-15,0.0165
2023-10-16,0.0474
2023-10-17,0.0875
2023-10-18,0.133
2023-10-19,0.0748
2023-10-20,0.1306
2023-10-21,0.0554
2023-10-22,0.0318
2023-10-23,0.0682
2023-10-24,0.076
2023-10-25,0.0451
2023-10-26,0.0498
2023-10-27,0.0563
2023-10-28,0.0595
2023-10-29,0.038
2023-10-30,0.0308
2023-10-31,0.036
2023-11-01,0.0298
2023-11-02,0.0306
2023-11-03,0.0407
2023-11-04,0.0584
2023-11-05,0.0125
2023-11-06,0.0359
2023-11-07,0.0435
2023-11-08,0.0513
2023-11-09,0.0282
2023-11-10,0.0941
2023-11-11,0.0539
2023-11-12,0.1344
2023-11-13,0.0689
2023-11-14,0.0526
2023-11-15,0.128
2023-11-16,0.1474
2023-11-17,0.0753
2023-11-18,0.0333
2023-11-19,0.04
2023-11-20,0.0201
2023-11-21,0.0241
2023-11-22,0.0568
2023-11-23,0.0215
2023-11-24,0.021
2023-11-25,0.0187
2023-11-26,0.009
2023-11-27,0.0158
2023-11-28,0.0183
2023-11-29,0.0168
2023-11-30,0.0355
2023-12-01,0.0278
2023-12-02,0.0248
2023-12-03,0.0224
2023-12-04,0.0172
2023-12-05,0.0254
2023-12-06,0.0253
2023-12-07,0.0229
2023-12-08,0.0223
2023-12-09,0.0205
2023-12-10,0.0154
2023-12-11,0.0264
2023-12-12,0.0383
2023-12-13,0.0274
2023-12-14,0.0454
2023-12-15,0.0941
2023-12-16,0.0312
2023-12-17,0.0125
2023-12-18,0.0198
2023-12-19,0.022
2023-12-20,0.0196
2023-12-21,0.0477
2023-12-22,0.0549
2023-12-23,0.0287
2023-12-24,0.0194
2023-12-25,0.0236
2023-12-26,0.0421
2023-12-27,0.0608
2023-12-28,0.0304
2023-12-29,0.0425
2023-12-30,0.0179
2023-12-31,0.0208
2024-01-01,0.0325
2024-01-02,0.0352
2024-01-03,0.0228
2024-01-04,0.0221
2024-01-05,0.0225
2024-01-06,0.0051
2024-01-07,0.0134
2024-01-08,0.0213
2024-01-09,0.0164
2024-01-10,0.0181
2024-01-11,0.0404
2024-01-12,0.0383
2024-01-13,0.0224
2024-01-14,0.0098
2024-01-15,0.023
2024-01-16,0.0473
2024-01-17,0.0203
2024-01-18,0.0332
2024-01-19,0.0178
2024-01-20,0.0196
2024-01-21,0.0245
2024-01-22,0.0338
2024-01-23,0.0175
2024-01-24,0.0331
2024-01-25,0.0202
2024-01-26,0.0234
2024-01-27,0.0191
2024-01-28,0.014
2024-01-29,0.0138
2024-01-30,0.0274
2024-01-31,0.0219
2024-02-01,0.0141
2024-02-02,0.0141
2024-02-03,0.0165
2024-02-04,0.0187
2024-02-05,0.0821
2024-02-06,0.0201
2024-02-07,0.0163
2024-02-08,0.0239
2024-02-09,0.0129
2024-02-10,0.0085
2024-02-11,0.0104
2024-02-12,0.0115
2024-02-13,0.0129
2024-02-14,0.0185
2024-02-15,0.0266
2024-02-16,0.0154
2024-02-17,0.0123
2024-02-18,0.0116
2024-02-19,0.0206
2024-02-20,0.018
2024-02-21,0.0254
2024-02-22,0.0121
2024-02-23,0.0794
2024-02-24,0.0415
2024-02-25,0.0153
2024-02-26,0.0209
2024-02-27,0.0326
2024-02-28,0.016
2024-02-29,0.0185
2024-03-01,0.0229
2024-03-02,0.0201
2024-03-03,0.0122
2024-03-04,0.0249
2024-03-05,0.0335
2024-03-06,0.0274
2024-03-07,0.0262
2024-03-08,0.0187
2024-03-09,0.0206
2024-03-10,0.0182
2024-03-11,0.0262
2024-03-12,0.0429
2024-03-13,0.0538
2024-03-14,0.0632
2024-03-15,0.03
2024-03-16,0.0139
2024-03-17,0.0205
2024-03-18,0.0194
2024-03-19,0.0176
2024-03-20,0.0162
2024-03-21,0.0275
2024-03-22,0.032
2024-03-23,0.0124
2024-03-24,0.0105
2024-03-25,0.0214
2024-03-26,0.0423
2024-03-27,0.0225
2024-03-28,0.0224
2024-03-29,0.0226
2024-03-30,0.0187
2024-03-31,0.0213
2024-04-01,0.0279
2024-04-02,0.0232
2024-04-03,0.0203
2024-04-04,0.0291
2024-04-05,0.0231
2024-04-06,0.0199
2024-04-07,0.0155
2024-04-08,0.0156
2024-04-09,0.0225
2024-04-10,0.0248
2024-04-11,0.023
2024-04-12,0.0187
2024-04-13,0.0345
2024-04-14,0.0146
2024-04-15,0.0254
2024-04-16,0.0204
2024-04-17,0.027
2024-04-18,0.0519
2024-04-19,0.021
2024-04-20,0.1164
2024-04-21,0.0412
2024-04-22,0.0334
2024-04-23,0.0345
2024-04-24,0.0302
2024-04-25,0.0296
2024-04-26,0.0354
2024-04-27,0.0222
2024-04-28,0.0094
2024-04-29,0.0254
2024-04-30,0.0205
2024-05-01,0.0103
2024-05-02,0.0224
2024-05-03,0.0224
2024-05-04,0.0255
2024-05-05,0.0584
2024-05-06,0.0201
2024-05-07,0.0204
2024-05-08,0.0304
2024-05-09,0.0279
2024-05-10,0.0382
2024-05-11,0.0236
2024-05-12,0.0102
2024-05-13,0.018
2024-05-14,0.0184
2024-05-15,0.0285
2024-05-16,0.0308
2024-05-17,0.0483
2024-05-18,0.0117
2024-05-19,0.0163
2024-05-20,0.0204
2024-05-21,0.0411
2024-05-22,0.0185
2024-05-23,0.0278
2024-05-24,0.0198
2024-05-25,0.0098
2024-05-26,0.0593
2024-05-27,0.0347
2024-05-28,0.0234
2024-05-29,0.0223
2024-05-30,0.0362
2024-05-31,0.0399
2024-06-01,0.0166
2024-06-02,0.0188
2024-06-03,0.0175
2024-06-04,0.0108
2024-06-05,0.014
2024-06-06,0.0421
2024-06-07,0.0229
2024-06-08,0.0089
2024-06-09,0.0084
2024-06-10,0.0143
2024-06-11,0.0161
2024-06-12,0.0419
2024-06-13,0.0263
2024-06-14,0.0218
2024-06-15,0.0226
2024-06-16,0.048
2024-06-17,0.0453
2024-06-18,0.0493
2024-06-19,0.0208
2024-06-20,0.0257
2024-06-21,0.0194
2024-06-22,0.0144
2024-06-23,0.0142
2024-06-24,0.0268
2024-06-25,0.023
2024-06-26,0.0164
2024-06-27,0.0327
2024-06-28,0.0165
2024-06-29,0.0406
2024-06-30,0.0184
2024-07-01,0.0293
2024-07-02,0.0134
2024-07-03,0.0231
2024-07-04,0.0222
2024-07-05,0.021
2024-07-06,0.0064
2024-07-07,0.0115
2024-07-08,0.0203
2024-07-09,0.0151
2024-07-10,0.0102
2024-07-11,0.0414
2024-07-12,0.0232
2024-07-13,0.0166
2024-07-14,0.0093
2024-07-15,0.0141
2024-07-16,0.0164
2024-07-17,0.0233
2024-07-18,0.0269
2024-07-19,0.019
2024-07-20,0.02
2024-07-21,0.0173
2024-07-22,0.048
2024-07-23,0.0279
2024-07-24,0.0208
2024-07-25,0.0208
2024-07-26,0.0217
2024-07-27,0.0106
2024-07-28,0.0189
2024-07-29,0.016
2024-07-30,0.0225
2024-07-31,0.0342
2024-08-01,0.0321
2024-08-02,0.014
2024-08-03,0.0142
2024-08-04,0.01
2024-08-05,0.0227
2024-08-06,0.0241
2024-08-07,0.0187
2024-08-08,0.0109
2024-08-09,0.018
2024-08-10,0.0101
2024-08-11,0.0258
2024-08-12,0.011
2024-08-13,0.0119
2024-08-14,0.0185
2024-08-15,0.0285
2024-08-16,0.0288
2024-08-17,0.0159
2024-08-18,0.0314
2024-08-19,0.0487
2024-08-20,0.0259
2024-08-21,0.0226
2024-08-22,0.0228
2024-08-23,0.0317
2024-08-24,0.0262
2024-08-25,0.0177
2024-08-26,0.0257
2024-08-27,0.0261
2024-08-28,0.0324
2024-08-29,0.0171
2024-08-30,0.0139
2024-08-31,0.0054
2024-09-01,0.0266
2024-09-02,0.0258
2024-09-03,0.0218
2024-09-04,0.0311
2024-09-05,0.0604
2024-09-06,0.04
2024-09-07,0.0167
2024-09-08,0.0352
2024-09-09,0.0251
2024-09-10,0.0218
2024-09-11,0.0542
2024-09-12,0.0267
2024-09-13,0.0234
2024-09-14,0.0171
2024-09-15,0.0314
2024-09-16,0.0219
2024-09-17,0.0288
2024-09-18,0.0199
2024-09-19,0.0333
2024-09-20,0.0491
2024-09-21,0.0276
2024-09-22,0.0205
2024-09-23,0.0194
2024-09-24,0.0257
2024-09-25,0.025
2024-09-26,0.0268
2024-09-27,0.0228
2024-09-28,0.0151
2024-09-29,0.0336
2024-09-30,0.0185
2024-10-01,0.0137
2024-10-02,0.0151
2024-10-03,0.0138
2024-10-04,0.0266
2024-10-05,0.0198
2024-10-06,0.0176
2024-10-07,0.0186
2024-10-08,0.0183
2024-10-09,0.0204
2024-10-10,0.0454
2024-10-11,0.0218
2024-10-12,0.0151
2024-10-13,0.0389
2024-10-14,0.0195
2024-10-15,0.0211
2024-10-16,0.0255
2024-10-17,0.02
2024-10-18,0.0203
2024-10-19,0.0213
2024-10-20,0.0168
2024-10-21,0.0207
2024-10-22,0.0204
2024-10-23,0.0337
2024-10-24,0.0345
2024-10-25,0.029
2024-10-26,0.0185
2024-10-27,0.0244
2024-10-28,0.039
2024-10-29,0.0398
2024-10-30,0.0271
2024-10-31,0.0285
2024-11-01,0.0367
2024-11-02,0.0145
2024-11-03,0.0224
2024-11-04,0.0252
2024-11-05,0.0265
2024-11-06,0.0281
2024-11-07,0.0299
2024-11-08,0.0272
2024-11-09,0.0218
2024-11-10,0.0271
2024-11-11,0.0339
2024-11-12,0.0228
2024-11-13,0.0367
2024-11-14,0.0285
2024-11-15,0.0227
2024-11-16,0.0196
2024-11-17,0.0583
2024-11-18,0.0258
2024-11-19,0.0326
2024-11-20,0.0157
2024-11-21,0.0158
2024-11-22,0.0099
2024-11-23,0.0129
2024-11-24,0.0128
2024-11-25,0.0236
2024-11-26,0.0275
2024-11-27,0.0262
2024-11-28,0.0278
2024-11-29,0.0204
2024-11-30,0.0132
2024-12-01,0.0177
2024-12-02,0.031
2024-12-03,0.1328
2024-12-04,0.0723
2024-12-05,0.0335
2024-12-06,0.0513
2024-12-07,0.0439
2024-12-08,0.0446
2024-12-09,0.0436
2024-12-10,0.0323
2024-12-11,0.0376
2024-12-12,0.0211
2024-12-13,0.0245
2024-12-14,0.0211
2024-12-15,0.018
2024-12-16,0.0177
2024-12-17,0.0243
2024-12-18,0.0262
2024-12-19,0.0252
2024-12-20,0.0158
2024-12-21,0.0149
2024-12-22,0.052
2024-12-23,0.0253
2024-12-24,0.0325
2024-12-25,0.0215
2024-12-26,0.0161
2024-12-27,0.0227
2024-12-28,0.0103
2024-12-29,0.0264
2024-12-30,0.0553
2024-12-31,0.0209
2025-01-01,0.0136
2025-01-02,0.0192
2025-01-03,0.0232
2025-01-04,0.0157
2025-01-05,0.0121
2025-01-06,0.0294
2025-01-07,0.0597
2025-01-08,0.0907
2025-01-09,0.0777
2025-01-10,0.0502
2025-01-11,0.0893
2025-01-12,0.0367
2025-01-13,0.0729
2025-01-14,0.0645
2025-01-15,0.0625
2025-01-16,0.0658
2025-01-17,0.0347
2025-01-18,0.0373
2025-01-19,0.0127
2025-01-20,0.0395
2025-01-21,0.0541
2025-01-22,0.0489
2025-01-23,0.0311
2025-01-24,0.0317
2025-01-25,0.0525
2025-01-26,0.0147
2025-01-27,0.1068
2025-01-28,0.1849
2025-01-29,0.12
2025-01-30,0.0706
2025-01-31,0.0603
2025-02-01,0.0587
2025-02-02,0.0371
2025-02-03,0.0478
2025-02-04,0.2646
2025-02-05,0.1154
2025-02-06,0.0514
2025-02-07,0.0739
2025-02-08,0.0444
2025-02-09,0.0457
2025-02-10,0.0562
2025-02-11,0.0717
2025-02-12,0.0834
2025-02-13,0.0396
2025-02-14,0.0515
2025-02-15,0.0659
2025-02-16,0.1467
2025-02-17,0.0596
2025-02-18,0.0339
2025-02-19,0.0345
2025-02-20,0.0351
2025-02-21,0.0441
2025-02-22,0.0353
2025-02-23,0.0223
2025-02-24,0.0866
2025-02-25,0.0823
2025-02-26,0.0783
2025-02-27,0.0948
2025-02-28,0.1001
2025-03-01,0.0714
2025-03-02,0.0334
2025-03-03,0.0668
2025-03-04,0.1681
2025-03-05,0.181
2025-03-06,0.0649
2025-03-07,0.0319
2025-03-08,0.0376
2025-03-09,0.0468
2025-03-10,0.0509
2025-03-11,0.0829
2025-03-12,0.0506
2025-03-13,0.0619
2025-03-14,0.0244
2025-03-15,0.0173
2025-03-16,0.0649
2025-03-17,0.023
2025-03-18,0.0257
2025-03-19,0.0287
2025-03-20,0.0162
2025-03-21,0.0452
2025-03-22,0.0194
2025-03-23,0.0154
2025-03-24,0.0547
2025-03-25,0.0376
2025-03-26,0.0549
2025-03-27,0.0356
2025-03-28,0.0403
2025-03-29,0.0342
2025-03-30,0.0311
2025-03-31,0.065
2025-04-01,0.0353
2025-04-02,0.0291
2025-04-03,0.0541
2025-04-04,0.3146
2025-04-05,0.1935
2025-04-06,0.0748
2025-04-07,0.1311
2025-04-08,0.1001
2025-04-09,0.1878
2025-04-10,0.074
2025-04-11,0.1455
2025-04-12,0.0759
2025-04-13,0.089
2025-04-14,0.1202
2025-04-15,0.1356
2025-04-16,0.2525
2025-04-17,0.1216
2025-04-18,0.1103
2025-04-19,0.0726
2025-04-20,0.0527
2025-04-21,0.0732
2025-04-22,0.064
2025-04-23,0.136
2025-04-24,0.1348
2025-04-25,0.0746
2025-04-26,0.0399
2025-04-27,0.0381
2025-04-28,0.0795
2025-04-29,0.0523
2025-04-30,0.0805
2025-05-01,0.1599
2025-05-02,0.1184
2025-05-03,0.06
2025-05-04,0.0388
2025-05-05,0.0494
2025-05-06,0.0729
2025-05-07,0.0931
2025-05-08,0.0984
2025-05-09,0.1102
2025-05-10,0.0938
2025-05-11,0.0752
2025-05-12,0.2505
2025-05-13,0.1034
2025-05-14,0.0903
2025-05-15,0.0664
2025-05-16,0.0751
2025-05-17,0.0596
2025-05-18,0.0458
2025-05-19,0.0579
2025-05-20,0.0481
2025-05-21,0.0989
2025-05-22,0.05
2025-05-23,0.059
2025-05-24,0.0237
2025-05-25,0.0298
2025-05-26,0.0313
2025-05-27,0.0749
2025-05-28,0.0719
2025-05-29,0.1137
2025-05-30,0.087
2025-05-31,0.0914
2025-06-01,0.043
2025-06-02,0.1148
2025-06-03,0.0659
2025-06-04,0.0885
2025-06-05,0.1673
2025-06-06,0.1437
2025-06-07,0.1505
2025-06-08,0.1067
2025-06-09,0.2408
2025-06-10,0.2502
2025-06-11,0.4594
2025-06-12,0.2598
2025-06-13,0.0776
2025-06-14,0.0505
2025-06-15,0.0505
2025-06-16,0.0505
2025-06-17,0.0505
2025-06-18,
2025-06-19,
2025-06-20,
2025-06-21,
2025-06-22,
2025-06-23,
2025-06-24,
2025-06-25,
2025-06-26,
2025-06-27,
2025-06-28,
2025-06-29,
2025-06-30,
2025-07-01,
2025-07-02,0.0437
2025-07-03,0.0828
2025-07-04,0.069
2025-07-05,0.0265
2025-07-06,0.0528
2025-07-07,0.0928
2025-07-08,0.0644
2025-07-09,0.0801
2025-07-10,0.0943
2025-07-11,0.1117
2025-07-12,0.1204
2025-07-13,0.0684
2025-07-14,0.0972
2025-07-15,0.1878
2025-07-16,0.1351
2025-07-17,0.054
2025-07-18,0.1158
2025-07-19,0.1018
2025-07-20,0.0383
2025-07-21,0.0791
2025-07-22,0.0647
2025-07-23,0.1021
2025-07-24,0.1037
2025-07-25,0.0813
2025-07-26,0.0448
2025-07-27,0.0451
2025-07-28,0.1321
2025-07-29,0.1087
2025-07-30,0.083
2025-07-31,0.0673
2025-08-01,0.0721
2025-08-02,0.0607
2025-08-03,0.0569
2025-08-04,0.061
2025-08-05,0.0713
2025-08-06,0.088
2025-08-07,0.0785
2025-08-08,0.0595
2025-08-09,0.0404
2025-08-10,0.0903
2025-08-11,0.1577
2025-08-12,0.252
2025-08-13,0.0786
2025-08-14,0.0729
2025-08-15,0.0469
2025-08-16,0.0333
2025-08-17,0.067
2025-08-18,0.0532
2025-08-19,0.0647
2025-08-20,0.0572
2025-08-21,0.036
2025-08-22,0.0758
2025-08-23,0.0496
2025-08-24,0.0287
2025-08-25,0.0402
2025-08-26,0.126
2025-08-27,0.1157
2025-08-28,0.0952
2025-08-29,0.0485
2025-08-30,0.0738
2025-08-31,0.0589
2025-09-01,0.0281
2025-09-02,0.035
2025-09-03,0.0531
2025-09-04,0.0283
2025-09-05,0.0431
2025-09-06,0.0591
2025-09-07,0.0354
2025-09-08,0.0495
2025-09-09,0.0641
2025-09-10,0.0307
2025-09-11,0.0231
2025-09-12,0.0378
2025-09-13,0.0315
2025-09-14,0.0646
2025-09-15,0.1226
2025-09-16,0.0779
2025-09-17,0.0549
2025-09-18,0.0311
2025-09-19,0.1485
2025-09-20,0.0547
2025-09-21,0.0422
2025-09-22,0.0426
2025-09-23,0.0427
2025-09-24,0.0658
2025-09-25,0.0407
2025-09-26,0.0381
2025-09-27,0.0716
2025-09-28,0.1115
2025-09-29,0.0461
2025-09-30,0.0365
2025-10-01,0.0387
2025-10-02,0.0506
2025-10-03,0.0406
2025-10-04,0.0247
2025-10-05,0.0406
2025-10-06,0.0592
2025-10-07,0.0504
2025-10-08,0.0414
2025-10-09,0.1254
2025-10-10,0.329
2025-10-11,0.4191
2025-10-12,0.4401
2025-10-13,0.444
2025-10-14,0.386
2025-10-15,0.3052
2025-10-16,0.2353
2025-10-17,0.2069
2025-10-18,0.1379
2025-10-19,0.1187
2025-10-20,0.2437
2025-10-21,0.3439
2025-10-22,0.1445
2025-10-23,0.2129
2025-10-24,0.1762
2025-10-25,0.2993
2025-10-26,0.5546
2025-10-27,0.4312
2025-10-28,0.293
2025-10-29,0.2919
2025-10-30,0.7276
2025-10-31,0.3484
2025-11-01,0.2348
2025-11-02,0.167
2025-11-03,0.2596
2025-11-04,0.1323
2025-11-05,0.1244
2025-11-06,0.103
2025-11-07,0.1535
2025-11-08,0.0925
2025-11-09,0.0951
2025-11-10,0.0821
2025-11-11,0.0949
2025-11-12,0.0583
2025-11-13,0.0658
2025-11-14,0.0507
2025-11-15,0.0465
2025-11-16,0.0459
2025-11-17,0.0708
2025-11-18,0.0556
2025-11-19,0.065
2025-11-20,0.0627
2025-11-21,0.0853
2025-11-22,0.0343
2025-11-23,0.0588
2025-11-24,0.1125
2025-11-25,0.0542
2025-11-26,0.0693
2025-11-27,0.0504
2025-11-28,0.0599
2025-11-29,0.0417
2025-11-30,0.0387
2025-12-01,0.0524
2025-12-02,0.0533
2025-12-03,0.0476
2025-12-04,0.1191
2025-12-05,0.0839
2025-12-06,0.0
2025-12-07,0.0333
2025-12-08,0.0751
2025-12-09,0.0867
2025-12-10,0.0632
2025-12-11,0.0559
2025-12-12,0.0556
2025-12-13,0.04
2025-12-14,0.0266
2025-12-15,0.0444
2025-12-16,0.0384
2025-12-17,0.0661
2025-12-18,0.0628
2025-12-19,0.0639
2025-12-20,0.0483
2025-12-21,0.0672
2025-12-22,0.1016
2025-12-23,0.0889
2025-12-24,0.0581
2025-12-25,0.0435
2025-12-26,0.055
2025-12-27,0.0422
2025-12-28,0.0358
2025-12-29,0.0617
2025-12-30,0.097
2025-12-31,0.0478
2026-01-01,0.084
2026-01-02,0.0395
2026-01-03,0.0686
2026-01-04,0.1187
2026-01-05,0.1575
2026-01-06,0.1766
2026-01-07,0.2231
2026-01-08,0.1855
2026-01-09,0.1397
2026-01-10,0.1079
2026-01-11,0.1251
2026-01-12,0.1384
2026-01-13,0.1545
2026-01-14,0.1168
2026-01-15,0.1059
2026-01-16,0.0932
2026-01-17,0.0761
2026-01-18,0.0554
2026-01-19,0.1198
2026-01-20,0.0857
2026-01-21,0.1596
2026-01-22,0.0717
2026-01-23,0.0784
2026-01-24,0.0684
2026-01-25,0.0469
2026-01-26,0.0991
2026-01-27,0.0951
2026-01-28,0.049
2026-01-29,0.06
2026-01-30,0.1169
2026-01-31,0.0654
2026-02-01,0.0781
2026-02-02,0.1165
2026-02-03,0.0958
2026-02-04,0.1156
2026-02-05,0.0755
2026-02-06,0.0465
2026-02-07,0.0413
2026-02-08,0.0229
2026-02-09,0.0541
2026-02-10,0.065
2026-02-11,0.0609
2026-02-12,0.0566
2026-02-13,0.0546
2026-02-14,0.1109
2026-02-15,0.0525
2026-02-16,0.0315
2026-02-17,0.0359
2026-02-18,0.0374
2026-02-19,0.0277
2026-02-20,0.0518
2026-02-21,0.0675
2026-02-22,0.0606
2026-02-23,0.0598
2026-02-24,0.1056
2026-02-25,0.1007
2026-02-26,0.0678
2026-02-27,0.0524
2026-02-28,0.0
2026-03-01,0.0274
2026-03-02,0.0473
2026-03-03,0.0474
2026-03-04,0.0511
2026-03-05,0.0476
2026-03-06,0.0821
2026-03-07,0.048
2026-03-08,0.0515
2026-03-09,0.0596
2026-03-10,0.0669
2026-03-11,0.0651
2026-03-12,0.0537
2026-03-13,0.0739
2026-03-14,0.0603
2026-03-15,0.0668
2026-03-16,0.0608
2026-03-17,0.0694
2026-03-18,0.1034
2026-03-19,0.0696
2026-03-20,0.0895
2026-03-21,0.0913
2026-03-22,0.0439
2026-03-23,0.0547
2026-03-24,0.0625
2026-03-25,0.0582
2026-03-26,0.0453
2026-03-27,0.042
2026-03-28,0.0278
2026-03-29,0.036
2026-03-30,0.0491
2026-03-31,0.0342
2026-04-01,0.0469
2026-04-02,0.0569
2026-04-03,0.0935
2026-04-04,0.0407
2026-04-05,0.025
2026-04-06,0.0341
2026-04-07,0.0405
2026-04-08,0.0385
2026-04-09,0.0277
2026-04-10,0.0297
2026-04-11,0.0465
2026-04-12,0.0508
2026-04-13,0.0419
2026-04-14,0.0442
2026-04-15,0.0652
2026-04-16,0.0383
2026-04-17,0.0351
2026-04-18,0.0522
2026-04-19,0.0451
2026-04-20,0.0374
2026-04-21,0.0665
2026-04-22,0.0496
2026-04-23,0.0367
2026-04-24,0.1155
2026-04-25,0.054
2026-04-26,0.0278
2026-04-27,0.0644
2026-04-28,0.0732
2026-04-29,0.0693
2026-04-30,0.0424
2026-05-01,0.0361
2026-05-02,0.0333
2026-05-03,0.0317
2026-05-04,0.0356
2026-05-05,0.0383
2026-05-06,0.0897
2026-05-07,0.0657
2026-05-08,0.0657
2026-05-09,0.069
2026-05-10,0.0725
2026-05-11,0.1099
2026-05-12,0.2283
2026-05-13,0.3016
2026-05-14,0.224
2026-05-15,0.1632
2026-05-16,0.1278
2026-05-17,0.0587
2026-05-18,0.1341
2026-05-19,0.0895
2026-05-20,0.082
2026-05-21,0.0889
2026-05-22,0.0992
2026-05-23,0.0493
2026-05-24,0.0327
2026-05-25,0.0712
2026-05-26,0.1138
2026-05-27,0.0788
2026-05-28,0.0449
2026-05-29,0.053
2026-05-30,0.042
2026-05-31,0.041
2026-06-01,0.0457
2026-06-02,0.0388
2026-06-03,0.0687
2026-06-04,0.0537
2026-06-05,0.0738
2026-06-06,0.0486
2026-06-07,0.05
2026-06-08,0.0403
2026-06-09,0.0564
2026-06-10,0.043
2026-06-11,0.0694
2026-06-12,0.0443
2026-06-13,0.0368
2026-06-14,0.058
2026-06-15,0.0623
2026-06-16,0.0893
2026-06-17,0.0596
2026-06-18,0.0478
2026-06-19,0.0543
2026-06-20,0.0651
2026-06-21,0.0466
2026-06-22,0.1386
2026-06-23,0.0677
2026-06-24,0.0647
2026-06-25,0.0416
2026-06-26,0.0391
2026-06-27,0.0947
2026-06-28,0.0289
2026-06-29,0.0827
2026-06-30,0.0439
2026-07-01,0.0439
2026-07-02,0.0439
2026-07-03,0.0439
2026-07-04,
2026-07-05,0.0454
2026-07-06,0.0742
2026-07-07,0.0749
2026-07-08,0.1006
2026-07-09,0.0652
2026-07-10,0.0378
2026-07-11,0.0424
2026-07-12,0.0243
2026-07-13,0.0355
2026-07-14,0.0442
2026-07-15,0.052
2026-07-16,0.0619
2026-07-17,0.0647
2026-07-18,0.0274
2026-07-19,0.0423
2026-07-20,0.1118
2026-07-21,0.0563
2026-07-22,0.0504
2026-07-23,0.0534
2026-07-24,0.059
2026-07-25,0.0379
2026-07-26,0.0557
2026-07-27,0.0777
2026-07-28,0.1035
2026-07-29,0.0845
2026-07-30,0.0469
2026-07-31,0.0634
2026-08-01,0.0345
2026-08-02,0.033
2026-08-03,0.0698
2026-08-04,0.0565
2026-08-05,0.0739
2026-08-06,0.0408
2026-08-07,0.0627
2026-08-08,0.124
2026-08-09,0.0611
2026-08-10,0.0834
2026-08-11,0.0663
2026-08-12,0.0449
2026-08-13,0.0278
2026-08-14,0.0334
2026-08-15,0.0268
2026-08-16,0.0279
2026-08-17,0.0327
2026-08-18,0.0319
2026-08-19,0.0298
2026-08-20,0.0518
2026-08-21,0.0516
2026-08-22,0.0763
2026-08-23,0.0226
2026-08-24,0.0561
2026-08-25,0.0734
2026-08-26,0.0484
2026-08-27,0.0509
2026-08-28,0.0485
2026-08-29,0.0218
2026-08-30,0.0352
2026-08-31,0.0316
2026-09-01,0.0238
