asset,n,hit
AAPL,33,0.6666666666666666
AKBNK,34,0.5588235294117647
AMZN,32,0.375
ASELS,34,0.5588235294117647
AUDUSD,7,0.5714285714285714
AVGO,32,0.4375
BIMAS,34,0.5
BNB,3,0.6666666666666666
BRENT,8,0.375
BTC,51,0.6078431372549019
COPX,13,0.46153846153846156
DAX,20,0.3
DBA,13,0.38461538461538464
EREGL,34,0.5882352941176471
ETH,50,0.64
ETN,13,0.46153846153846156
EURUSD,7,0.5714285714285714
EWG,19,0.42105263157894735
EWJ,19,0.631578947368421
EWQ,19,0.42105263157894735
EWU,19,0.5263157894736842
EWY,19,0.5263157894736842
EWZ,19,0.6842105263157895
FTSE,19,0.3684210526315789
GARAN,34,0.6176470588235294
GBPUSD,7,0.7142857142857143
GEV,13,0.46153846153846156
GLD,13,0.5384615384615384
GOOGL,32,0.34375
GRID,13,0.5384615384615384
HSI,21,0.42857142857142855
HUBB,13,0.5384615384615384
INDA,19,0.631578947368421
JEPI,29,0.41379310344827586
KCHOL,34,0.5
LIT,13,0.5384615384615384
MCHI,19,0.21052631578947367
META,32,0.78125
MSFT,32,0.46875
N225,18,0.3888888888888889
NATGAS,8,0.5
NVDA,32,0.53125
O,29,0.5172413793103449
PWR,13,0.6153846153846154
QQQ,33,0.3333333333333333
SCHD,29,0.5862068965517241
SISE,34,0.5588235294117647
SLV,13,0.38461538461538464
SOL,50,0.58
SPY,32,0.375
THYAO,34,0.47058823529411764
TSLA,33,0.5151515151515151
TUPRS,34,0.6176470588235294
URA,13,0.6153846153846154
USDCHF,7,0.5714285714285714
USDCNY,7,0.8571428571428571
USDJPY,7,0.42857142857142855
USDTRY,43,1.0
VRT,13,0.38461538461538464
WTI,8,0.625
XAUUSD,38,0.5
XLB,13,0.6153846153846154
XLC,13,0.3076923076923077
XLE,13,0.6153846153846154
XLF,13,0.6923076923076923
XLI,13,0.38461538461538464
XLK,13,0.23076923076923078
XLP,13,0.5384615384615384
XLRE,13,0.5384615384615384
XLU,13,0.8461538461538461
XLV,13,0.07692307692307693
XLY,13,0.5384615384615384
XRP,51,0.4117647058823529
XU100,33,0.6363636363636364
